postcode,regional_category,irsd_score,irsd_decile,seifa_population,total_population,median_hhd_income_weekly,median_mortgage_monthly,median_rent_weekly,one_parent_families,total_families,total_mortgage_dwellings,total_rental_dwellings,total_unemployed,total_labour_force,unemployment_rate,single_parent_pct,rent_to_income_ratio,unemployment_rate_log,rent_to_income_ratio_log,total_population_log,rent_to_income_winsor,rent_to_income_final,unemployment_rate_sqrt,cluster,risk_profile
3097,Regional Centres and Other Regional Areas,1104.6361036,10,1536.0,1536.0,3000.0,365.0,2706.0,94.0,1240.0,202.0,30.0,25.0,823.0,0.0304,0.0758,0.902,0.029947076367952116,0.6429059641231986,7.337587743538596,0.902,0.6429059641231986,0.17435595774162693,2,low
3099,Regional Centres and Other Regional Areas,1072.2408613,9,4993.0,4993.0,2025.0,391.0,2162.0,447.0,4319.0,826.0,166.0,100.0,2753.0,0.0363,0.1035,1.0677,0.035656677208034684,0.7264368784245873,8.515992470839718,1.0677,0.7264368784245873,0.1905255888325765,2,low
3139,Regional Centres and Other Regional Areas,1039.5075892,8,14257.0,14257.0,1820.0,355.0,1887.0,1392.0,12219.0,2675.0,457.0,221.0,7728.0,0.0286,0.1139,1.0368,0.028198654358678774,0.711379948821005,9.565073431677574,1.0368,0.711379948821005,0.16911534525287764,2,low
3211,Cities and Major Regional Centres,1008.4451458,6,1353.0,1353.0,2167.0,427.0,2005.0,129.0,1085.0,164.0,43.0,27.0,633.0,0.0427,0.1189,0.9252,0.04181350281341039,0.6550298584468173,7.21081845347222,0.9252,0.6550298584468173,0.20663978319771825,2,low
3212,Cities and Major Regional Centres,1025.811847,7,19272.0,19272.0,1733.0,370.0,1966.0,2027.0,15249.0,2923.0,1380.0,387.0,9601.0,0.0403,0.1329,1.1344,0.03950913309471249,0.7581855767391675,9.866460431699052,1.1344,0.7581855767391675,0.2007485989988473,2,low
3213,Cities and Major Regional Centres,1027.3505304,7,4753.0,4753.0,1897.0,350.0,2141.0,410.0,4106.0,770.0,163.0,91.0,2593.0,0.0351,0.0999,1.1286,0.03449804040756744,0.7554644866248069,8.46674164792014,1.1286,0.7554644866248069,0.18734993995195195,2,low
3214,Cities and Major Regional Centres,801.19226044,1,24500.0,24500.0,1265.0,270.0,1063.0,5241.0,17163.0,2253.0,4223.0,892.0,9721.0,0.0918,0.3054,0.8403,0.08782771036552019,0.6099286018090118,10.106469212026385,0.8403,0.6099286018090118,0.30298514815086236,0,high
3215,Cities and Major Regional Centres,984.1935099,4,21994.0,21994.0,1625.0,340.0,1452.0,2741.0,16495.0,2619.0,2647.0,546.0,10999.0,0.0496,0.1662,0.8935,0.048409139207687545,0.6384269683597125,9.99857043378282,0.8935,0.6384269683597125,0.22271057451320087,0,high
3216,Cities and Major Regional Centres,1038.6234443,8,60123.0,60123.0,1733.0,360.0,1724.0,5476.0,45244.0,7939.0,5855.0,1339.0,31418.0,0.0426,0.121,0.9948,0.0417175933518685,0.6905437946898304,11.004164375253117,0.9948,0.6905437946898304,0.20639767440550294,2,low
3217,Cities and Major Regional Centres,1068.2403435,9,20499.0,20499.0,1842.0,425.0,2204.0,2048.0,16708.0,3751.0,2057.0,372.0,12031.0,0.0309,0.1226,1.1965,0.030432207120201987,0.7868651844336971,9.9281801651265,1.1965,0.7868651844336971,0.17578395831246946,2,low
3218,Cities and Major Regional Centres,1038.5218839,8,14942.0,14942.0,1950.0,330.0,1752.0,1386.0,11120.0,2110.0,2311.0,321.0,8494.0,0.0378,0.1246,0.8985,0.03710308795150221,0.64106410068972,9.611998241741393,0.8985,0.64106410068972,0.1944222209522358,2,low
3219,Cities and Major Regional Centres,935.98346004,2,20309.0,20309.0,1408.0,305.0,1228.0,3004.0,14207.0,2575.0,3122.0,509.0,9932.0,0.0512,0.2114,0.8722,0.04993236874820901,0.6271142099555073,9.91886865457443,0.8722,0.6271142099555073,0.2262741699796952,0,high
3220,Cities and Major Regional Centres,1059.4198824,9,17270.0,17270.0,2100.0,360.0,1891.0,1285.0,12284.0,1914.0,2429.0,392.0,9486.0,0.0413,0.1046,0.9005,0.04046993255371322,0.6421170094471663,9.756784073343919,0.9005,0.6421170094471663,0.20322401432901577,2,low
3221,Cities and Major Regional Centres,1099.8012768,10,801.0,801.0,2167.0,370.0,2481.0,72.0,710.0,106.0,20.0,12.0,434.0,0.0276,0.1014,1.1449,0.027225986253591457,0.7630929312466121,6.687108607866515,1.1449,0.7630929312466121,0.1661324772583615,2,low
3222,Cities and Major Regional Centres,1019.6574753,7,18576.0,18576.0,1700.0,375.0,1466.0,2074.0,15096.0,2626.0,1378.0,367.0,8786.0,0.0418,0.1374,0.8624,0.04094998632895411,0.6218659785549816,9.829679535391405,0.8624,0.6218659785549816,0.2044504830026087,2,low
3223,Cities and Major Regional Centres,1001.0012911,5,9536.0,9536.0,1667.0,340.0,1139.0,780.0,6893.0,935.0,862.0,169.0,3655.0,0.0462,0.1132,0.6833,0.04516455195437364,0.520756152442899,9.162934249578912,0.6833,0.520756152442899,0.21494185260204676,2,low
3224,Cities and Major Regional Centres,1023.4436294,7,15101.0,15101.0,1625.0,370.0,1539.0,1664.0,12218.0,2264.0,985.0,291.0,7390.0,0.0394,0.1362,0.9471,0.038643623592204426,0.6663410861394383,9.62258246436337,0.9471,0.6663410861394383,0.19849433241279207,2,low
3225,Cities and Major Regional Centres,1081.2217193,10,5408.0,5408.0,2000.0,400.0,1508.0,317.0,3937.0,506.0,308.0,66.0,2171.0,0.0304,0.0805,0.754,0.029947076367952116,0.5618988939499913,8.595819511871428,0.754,0.5618988939499913,0.17435595774162693,2,low
3226,Cities and Major Regional Centres,1073.3682961,9,17714.0,17714.0,2000.0,420.0,1837.0,1542.0,14254.0,2454.0,1214.0,228.0,8712.0,0.0262,0.1082,0.9185,0.02586265952572737,0.65154363070487,9.782167017299573,0.9185,0.65154363070487,0.16186414056238646,2,low
3227,Cities and Major Regional Centres,1096.1729409,10,5459.0,5459.0,2251.0,440.0,2228.0,357.0,4304.0,667.0,286.0,65.0,2589.0,0.0251,0.0829,0.9898,0.024790168807218786,0.6880341311731223,8.605204068738951,0.9898,0.6880341311731223,0.1584297951775486,2,low
3228,Cities and Major Regional Centres,1096.889476,10,24181.0,24181.0,2167.0,500.0,2282.0,1640.0,19376.0,3449.0,1663.0,394.0,12559.0,0.0314,0.0846,1.0531,0.030917102634721517,0.7193508460565816,10.093363833734193,1.0531,0.7193508460565816,0.1772004514666935,2,low
3230,Cities and Major Regional Centres,1080.7375313,10,3208.0,3208.0,2167.0,405.0,1701.0,172.0,2260.0,323.0,219.0,46.0,1509.0,0.0305,0.0761,0.785,0.030044121348376668,0.5794184152316024,8.073714641109857,0.785,0.5794184152316024,0.1746424919657298,2,low
3231,Cities and Major Regional Centres,1094.4018561,10,1571.0,1571.0,2167.0,350.0,1785.0,99.0,1116.0,172.0,67.0,16.0,768.0,0.0208,0.0887,0.8237,0.02058663360838838,0.6008674044406495,7.360103972989152,0.8237,0.6008674044406495,0.14422205101855956,2,low
3232,Cities and Major Regional Centres,1052.2341764,8,1327.0,1327.0,2167.0,363.0,1525.0,89.0,763.0,88.0,114.0,6.0,610.0,0.0098,0.1166,0.7037,0.009752291442678272,0.5328023565693595,7.191429330036379,0.7037,0.5328023565693595,0.09899494936611665,2,low
3233,Regional Centres and Other Regional Areas,1006.6052071,6,2363.0,2363.0,1703.0,300.0,1172.0,176.0,1473.0,215.0,235.0,40.0,1080.0,0.037,0.1195,0.6882,0.036331929247390274,0.5236628725674826,7.768110378525988,0.6882,0.5236628725674826,0.19235384061671346,2,low
3234,Regional Centres and Other Regional Areas,1075.7452623,9,237.0,237.0,1733.0,301.0,1325.0,13.0,137.0,22.0,15.0,0.0,113.0,0.0,0.0949,0.7646,0.0,0.5679240358058673,5.472270673671475,0.7646,0.5679240358058673,0.0,1,medium-low
3235,Cities and Major Regional Centres,1067.433362,9,515.0,515.0,1690.0,200.0,1694.0,52.0,361.0,69.0,21.0,5.0,255.0,0.0196,0.144,1.0024,0.019410393519823325,0.6943464611354274,6.246106765481563,1.0024,0.6943464611354274,0.13999999999999999,2,low
3236,Regional Centres and Other Regional Areas,1004.7141718,6,257.0,257.0,1509.0,290.0,1091.0,41.0,164.0,29.0,13.0,4.0,121.0,0.0331,0.25,0.723,0.03256399087326267,0.5440669575457926,5.552959584921617,0.723,0.5440669575457926,0.1819340539866025,0,high
3237,Regional Centres and Other Regional Areas,979.82148485,4,276.0,276.0,1000.0,195.0,900.0,20.0,165.0,36.0,10.0,4.0,124.0,0.0323,0.1212,0.9,0.031789322489407336,0.6418538861723948,5.6240175061873385,0.9,0.6418538861723948,0.17972200755611428,3,medium-high
3238,Regional Centres and Other Regional Areas,1004.0626353,6,251.0,251.0,1257.0,160.0,1390.0,24.0,178.0,39.0,17.0,8.0,141.0,0.0567,0.1348,1.1058,0.05515084446484804,0.7446954424405219,5.529429087511423,1.1058,0.7446954424405219,0.23811761799581316,3,medium-high
3239,Regional Centres and Other Regional Areas,980.47673101,4,491.0,491.0,1083.0,200.0,1187.0,32.0,347.0,58.0,19.0,14.0,228.0,0.0614,0.0922,1.096,0.05958879141165754,0.7400307664587957,6.198478716492308,1.096,0.7400307664587957,0.24779023386727736,3,medium-high
3240,Cities and Major Regional Centres,1093.5320375,10,2169.0,2169.0,2119.0,330.0,2340.0,137.0,1911.0,332.0,53.0,19.0,1217.0,0.0156,0.0717,1.1043,0.015479570848386318,0.7439828702624407,7.682482446534506,1.1043,0.7439828702624407,0.12489995996796796,2,low
3241,Regional Centres and Other Regional Areas,1017.8878061,6,3072.0,3072.0,1600.0,290.0,1516.0,280.0,2374.0,495.0,208.0,30.0,1505.0,0.0199,0.1179,0.9475,0.019704583274335403,0.6665464987627663,8.030409562130485,0.9475,0.6665464987627663,0.14106735979665885,2,low
3242,Regional Centres and Other Regional Areas,1064.7089679,9,942.0,942.0,1517.0,300.0,1521.0,70.0,726.0,143.0,55.0,9.0,485.0,0.0186,0.0964,1.0026,0.01842913546836719,0.6944463362915654,6.849066282633458,1.0026,0.6944463362915654,0.13638181696985854,2,low
3243,Regional Centres and Other Regional Areas,1062.1362632,9,392.0,392.0,1500.0,300.0,1474.0,18.0,306.0,57.0,16.0,4.0,220.0,0.0182,0.0588,0.9827,0.018036362486098582,0.6844595521623797,5.973809611869261,0.9827,0.6844595521623797,0.13490737563232041,2,low
3249,Regional Centres and Other Regional Areas,1017.1429135,6,3368.0,3368.0,1476.0,250.0,1434.0,244.0,2721.0,421.0,136.0,38.0,1766.0,0.0215,0.0897,0.9715,0.021272135275539696,0.6787946743355449,8.122371243406553,0.9715,0.6787946743355449,0.14662878298615178,2,low
3250,Regional Centres and Other Regional Areas,938.8010321,2,12756.0,12756.0,1300.0,260.0,1250.0,1461.0,9144.0,1591.0,1323.0,182.0,6104.0,0.0298,0.1598,0.9615,0.029364608629903935,0.6737094866674702,9.45383541953829,0.9615,0.6737094866674702,0.17262676501632068,0,high
3251,Regional Centres and Other Regional Areas,993.75686332,5,524.0,524.0,1300.0,220.0,1308.0,37.0,409.0,80.0,24.0,0.0,283.0,0.0,0.0905,1.0062,0.0,0.6962423854672477,6.263398262591624,1.0062,0.6962423854672477,0.0,1,medium-low
3254,Regional Centres and Other Regional Areas,997.98315001,5,358.0,358.0,1300.0,230.0,1485.0,49.0,271.0,63.0,14.0,4.0,180.0,0.0222,0.1808,1.1423,0.02195716735204214,0.761880018241037,5.883322388488279,1.1423,0.761880018241037,0.1489966442575134,3,medium-high
3260,Regional Centres and Other Regional Areas,986.73878148,5,4801.0,4801.0,1153.0,230.0,1256.0,437.0,3539.0,553.0,369.0,55.0,2254.0,0.0244,0.1235,1.0893,0.024107075343233128,0.7368290816460681,8.4767877767812,1.0893,0.7368290816460681,0.1562049935181331,0,high
3264,Regional Centres and Other Regional Areas,944.83112063,3,2254.0,2254.0,1066.0,225.0,1162.0,269.0,1641.0,272.0,188.0,32.0,1042.0,0.0307,0.1639,1.0901,0.030238183060609998,0.7372119117220459,7.720905251936779,1.0901,0.7372119117220459,0.17521415467935234,0,high
3265,Regional Centres and Other Regional Areas,1018.1621447,6,2827.0,2827.0,1343.0,200.0,1772.0,213.0,2292.0,344.0,155.0,32.0,1555.0,0.0206,0.0929,1.3194,0.020390689647734026,0.8413085315404658,7.947325027016463,1.3194,0.8413085315404658,0.14352700094407325,2,low
3266,Regional Centres and Other Regional Areas,977.03392574,4,3047.0,3047.0,1200.0,220.0,1298.0,315.0,2348.0,346.0,209.0,32.0,1468.0,0.0218,0.1342,1.0817,0.021565777914560547,0.7331848675914758,8.022240916806537,1.0817,0.7331848675914758,0.147648230602334,0,high
3267,Regional Centres and Other Regional Areas,1024.929929,7,214.0,214.0,800.0,260.0,1600.0,16.0,170.0,26.0,9.0,4.0,120.0,0.0333,0.0941,2.0,0.03275756423817219,1.0986122886681096,5.3706380281276624,2.0,1.0986122886681096,0.1824828759089466,3,medium-high
3268,Regional Centres and Other Regional Areas,1028.0372821,7,2552.0,2552.0,1200.0,239.0,1466.0,200.0,1999.0,275.0,169.0,35.0,1367.0,0.0256,0.1001,1.2217,0.025277807184268544,0.7982726686009449,7.845024417241484,1.2217,0.7982726686009449,0.16,3,medium-high
3269,Regional Centres and Other Regional Areas,1045.8166545,8,676.0,676.0,1543.0,240.0,1614.0,52.0,505.0,67.0,42.0,8.0,373.0,0.0214,0.103,1.046,0.021174235231406484,0.7158866675294348,6.517671272912275,1.046,0.7158866675294348,0.14628738838327793,2,low
3270,Regional Centres and Other Regional Areas,1065.90364,9,322.0,322.0,1400.0,275.0,1383.0,15.0,231.0,29.0,24.0,6.0,164.0,0.0366,0.0649,0.9879,0.035946126773469124,0.6870788051583386,5.777652323222656,0.9879,0.6870788051583386,0.19131126469708992,3,medium-high
3271,Regional Centres and Other Regional Areas,1020.9298009,7,188.0,188.0,867.0,160.0,1312.0,23.0,127.0,8.0,20.0,3.0,90.0,0.0333,0.1811,1.5133,0.03275756423817219,0.9215966306643365,5.241747015059643,1.5133,0.9215966306643365,0.1824828759089466,3,medium-high
3272,Regional Centres and Other Regional Areas,946.52588073,3,1641.0,1641.0,945.0,215.0,1017.0,203.0,1183.0,199.0,118.0,28.0,705.0,0.0397,0.1716,1.0762,0.038932210001787475,0.730539299777008,7.403670290012373,1.0762,0.730539299777008,0.19924858845171275,0,high
3273,Regional Centres and Other Regional Areas,1086.0706604,10,130.0,130.0,1083.0,175.0,1687.0,11.0,100.0,15.0,6.0,0.0,72.0,0.0,0.11,1.5577,0.0,0.9391084171546009,4.875197323201151,1.5577,0.9391084171546009,0.0,1,medium-low
3274,Regional Centres and Other Regional Areas,988.66066747,5,256.0,256.0,650.0,150.0,1125.0,37.0,196.0,18.0,19.0,12.0,113.0,0.1062,0.1888,1.7308,0.10093071857844059,1.0045946065619882,5.54907608489522,1.7308,1.0045946065619882,0.32588341473600646,0,high
3275,Regional Centres and Other Regional Areas,1052.5917695,8,490.0,490.0,1540.0,230.0,2073.0,29.0,406.0,78.0,14.0,4.0,273.0,0.0147,0.0714,1.3461,0.01459300230290015,0.852754375068783,6.19644412779452,1.3461,0.852754375068783,0.12124355652982141,2,low
3276,Regional Centres and Other Regional Areas,1016.6483031,6,437.0,437.0,1083.0,200.0,1566.0,49.0,352.0,62.0,25.0,3.0,241.0,0.0124,0.1392,1.446,0.012323749688831936,0.8944540372649806,6.082218910376446,1.446,0.8944540372649806,0.11135528725660043,3,medium-high
3277,Regional Centres and Other Regional Areas,1032.1649101,7,1820.0,1820.0,1500.0,250.0,1709.0,150.0,1473.0,244.0,91.0,11.0,985.0,0.0112,0.1018,1.1393,0.011137744410455924,0.7604786727202306,7.507141079727608,1.1393,0.7604786727202306,0.10583005244258362,2,low
3278,Regional Centres and Other Regional Areas,1032.4135436,7,343.0,343.0,1343.0,250.0,1803.0,27.0,286.0,51.0,17.0,7.0,185.0,0.0378,0.0944,1.3425,0.03710308795150221,0.8512187351304402,5.840641657373398,1.3425,0.8512187351304402,0.1944222209522358,3,medium-high
3279,Regional Centres and Other Regional Areas,1034.1871303,7,300.0,300.0,1517.0,233.0,2078.0,14.0,237.0,26.0,13.0,0.0,168.0,0.0,0.0591,1.3698,0.0,0.8628055634005025,5.707110264748875,1.3698,0.8628055634005025,0.0,1,medium-low
3280,Regional Centres and Other Regional Areas,991.14222763,5,33298.0,33298.0,1408.0,295.0,1401.0,3981.0,24671.0,4133.0,3856.0,531.0,16702.0,0.0318,0.1614,0.995,0.03130484982841249,0.6906440503418267,10.413282645487595,0.995,0.6906440503418267,0.1783255450012701,0,high
3281,Regional Centres and Other Regional Areas,1076.196452,9,1857.0,1857.0,1650.0,300.0,2076.0,132.0,1644.0,326.0,46.0,21.0,1047.0,0.0201,0.0803,1.2582,0.019900661706336167,0.8145680357642847,7.527255919373784,1.2582,0.8145680357642847,0.14177446878757824,2,low
3282,Regional Centres and Other Regional Areas,1029.9223894,7,2488.0,2488.0,1452.0,280.0,1507.0,268.0,2086.0,373.0,147.0,19.0,1235.0,0.0154,0.1285,1.0379,0.015282623531156904,0.7119198658832289,7.819636302367592,1.0379,0.7119198658832289,0.12409673645990857,2,low
3283,Regional Centres and Other Regional Areas,1051.0051798,8,1423.0,1423.0,1517.0,263.0,1754.0,128.0,1201.0,199.0,49.0,21.0,769.0,0.0273,0.1066,1.1562,0.026934001240080944,0.7683474131228805,7.261225091971921,1.1562,0.7683474131228805,0.16522711641858306,2,low
3284,Regional Centres and Other Regional Areas,1047.7257436,8,3860.0,3860.0,1733.0,300.0,1465.0,314.0,2852.0,395.0,295.0,49.0,1693.0,0.0289,0.1101,0.8454,0.028490270399627496,0.6126960561623185,8.258681496264236,0.8454,0.6126960561623185,0.16999999999999998,2,low
3285,Regional Centres and Other Regional Areas,1047.4872852,8,1255.0,1255.0,1430.0,220.0,1639.0,73.0,992.0,157.0,40.0,6.0,637.0,0.0094,0.0736,1.1462,0.009356094924024954,0.7636988365108901,7.135687347028144,1.1462,0.7636988365108901,0.09695359714832658,2,low
3286,Regional Centres and Other Regional Areas,1019.5799265,7,532.0,532.0,845.0,150.0,1131.0,38.0,401.0,69.0,24.0,5.0,259.0,0.0193,0.0948,1.3385,0.01911611719223005,0.8495096981838038,6.278521424165844,1.3385,0.8495096981838038,0.13892443989449804,3,medium-high
3287,Regional Centres and Other Regional Areas,1016.6167843,6,418.0,418.0,1189.0,170.0,1758.0,13.0,348.0,47.0,23.0,4.0,244.0,0.0164,0.0374,1.4786,0.01626697246387197,0.9076938846486368,6.037870919922137,1.4786,0.9076938846486368,0.12806248474865697,3,medium-high
3289,Regional Centres and Other Regional Areas,958.85975781,3,804.0,804.0,834.0,180.0,1120.0,60.0,587.0,81.0,50.0,19.0,363.0,0.0523,0.1022,1.3429,0.05097824476462945,0.8513894782904572,6.690842277418564,1.3429,0.8513894782904572,0.22869193252058542,3,medium-high
3292,Regional Centres and Other Regional Areas,1006.7918288,6,191.0,191.0,1235.0,230.0,1104.0,8.0,105.0,14.0,13.0,3.0,81.0,0.037,0.0762,0.8939,0.036331929247390274,0.6386381950595525,5.2574953720277815,0.8939,0.6386381950595525,0.19235384061671346,3,medium-high
3293,Regional Centres and Other Regional Areas,971.54681373,4,336.0,336.0,433.0,200.0,1256.0,27.0,250.0,28.0,20.0,0.0,175.0,0.0,0.108,2.9007,0.0,1.3611560242091914,5.820082930352362,2.9007,1.3611560242091914,0.0,1,medium-low
3294,Regional Centres and Other Regional Areas,1035.3683489,7,967.0,967.0,1083.0,220.0,1349.0,64.0,721.0,77.0,83.0,5.0,528.0,0.0095,0.0888,1.2456,0.009455158770755135,0.8089727460655357,6.875232087276577,1.2456,0.8089727460655357,0.09746794344808964,3,medium-high
3300,Regional Centres and Other Regional Areas,984.84974623,4,10479.0,10479.0,1083.0,236.0,1251.0,1128.0,7619.0,1366.0,1025.0,149.0,4882.0,0.0305,0.1481,1.1551,0.030044121348376668,0.7678371261913891,9.257223957875032,1.1551,0.7678371261913891,0.1746424919657298,0,high
3301,Regional Centres and Other Regional Areas,1066.145577,9,1267.0,1267.0,1260.0,200.0,1697.0,52.0,1050.0,126.0,44.0,15.0,720.0,0.0208,0.0495,1.3468,0.02058663360838838,0.8530526980695677,7.145196134997171,1.3468,0.8530526980695677,0.14422205101855956,2,low
3302,Regional Centres and Other Regional Areas,1027.0551577,7,356.0,356.0,1092.0,170.0,1442.0,28.0,288.0,47.0,10.0,9.0,196.0,0.0459,0.0972,1.3205,0.04487775877808546,0.8417826796990935,5.877735781779639,1.3205,0.8417826796990935,0.2142428528562855,3,medium-high
3303,Regional Centres and Other Regional Areas,981.14194398,4,282.0,282.0,1042.0,185.0,1607.0,16.0,221.0,36.0,14.0,9.0,163.0,0.0552,0.0724,1.5422,0.05373032242096779,0.9330298478784315,5.645446897643238,1.5422,0.9330298478784315,0.2349468024894146,3,medium-high
3304,Regional Centres and Other Regional Areas,940.03590153,2,2786.0,2786.0,952.0,180.0,1146.0,308.0,1971.0,344.0,176.0,45.0,1228.0,0.0366,0.1563,1.2038,0.035946126773469124,0.7901831430715396,7.932721027481948,1.2038,0.7901831430715396,0.19131126469708992,0,high
3305,Regional Centres and Other Regional Areas,944.65119551,3,13344.0,13344.0,1170.0,250.0,1248.0,1515.0,9853.0,1708.0,1214.0,297.0,6132.0,0.0484,0.1538,1.0667,0.04726519246711422,0.7259531322851228,9.498897061838624,1.0667,0.7259531322851228,0.22,0,high
3309,Regional Centres and Other Regional Areas,986.9760006,5,122.0,122.0,520.0,120.0,1041.0,28.0,97.0,15.0,4.0,0.0,43.0,0.0,0.2887,2.0019,0.0,1.0992454215305263,4.812184355372417,2.0019,1.0992454215305263,0.0,1,medium-low
3310,Regional Centres and Other Regional Areas,940.7534371,2,263.0,263.0,698.0,100.0,789.0,23.0,175.0,34.0,11.0,11.0,119.0,0.0924,0.1314,1.1304,0.0883771106174129,0.7563097555175855,5.575949103146316,1.1304,0.7563097555175855,0.30397368307141326,3,medium-high
3311,Regional Centres and Other Regional Areas,936.96824061,2,1707.0,1707.0,700.0,160.0,887.0,155.0,1112.0,164.0,110.0,32.0,676.0,0.0473,0.1394,1.2671,0.04621542379696299,0.8185014817126468,7.443078374348515,1.2671,0.8185014817126468,0.21748563170931545,0,high
3312,Regional Centres and Other Regional Areas,1020.4595592,7,1023.0,1023.0,800.0,120.0,1408.0,67.0,783.0,104.0,36.0,10.0,540.0,0.0185,0.0856,1.76,0.018330956684723457,1.0152306797290587,6.931471805599453,1.76,1.0152306797290587,0.13601470508735444,3,medium-high
3314,Regional Centres and Other Regional Areas,1040.4670947,8,569.0,569.0,1083.0,175.0,1656.0,40.0,445.0,53.0,31.0,5.0,302.0,0.0166,0.0899,1.5291,0.01646372603066508,0.9278635082267708,6.345636360828596,1.5291,0.9278635082267708,0.12884098726725127,3,medium-high
3315,Regional Centres and Other Regional Areas,978.61098522,4,1686.0,1686.0,700.0,145.0,1068.0,165.0,1175.0,158.0,96.0,30.0,797.0,0.0376,0.1404,1.5257,0.036910354020097076,0.9265182520295909,7.430707082545968,1.5257,0.9265182520295909,0.19390719429665315,3,medium-high
3317,Regional Centres and Other Regional Areas,999.34601848,5,184.0,184.0,487.0,85.0,1550.0,18.0,136.0,21.0,7.0,5.0,97.0,0.0515,0.1324,3.1828,0.05021771616061742,1.4309808787422966,5.220355825078325,3.1828,1.4309808787422966,0.22693611435820435,3,medium-high
3318,Regional Centres and Other Regional Areas,967.34184494,3,1243.0,1243.0,867.0,162.0,1011.0,99.0,824.0,117.0,98.0,23.0,565.0,0.0407,0.1201,1.1661,0.039893563661676665,0.7729283155647954,7.126087273299125,1.1661,0.7729283155647954,0.20174241001832013,3,medium-high
3319,Regional Centres and Other Regional Areas,983.60130825,4,410.0,410.0,503.0,113.0,1333.0,17.0,264.0,44.0,19.0,6.0,191.0,0.0314,0.0644,2.6501,0.030917102634721517,1.294754564479376,6.018593214496234,2.6501,1.294754564479376,0.1772004514666935,3,medium-high
3321,Regional Centres and Other Regional Areas,1080.649442,10,1780.0,1780.0,1949.0,300.0,2146.0,86.0,1587.0,327.0,33.0,19.0,954.0,0.0199,0.0542,1.1011,0.019704583274335403,0.7424610171128664,7.484930283289661,1.1011,0.7424610171128664,0.14106735979665885,2,low
3322,Regional Centres and Other Regional Areas,1000.4461738,5,176.0,176.0,917.0,250.0,857.0,21.0,126.0,27.0,5.0,4.0,73.0,0.0548,0.1667,0.9346,0.05335117549699457,0.6599005867663096,5.176149732573829,0.9346,0.6599005867663096,0.2340939982143925,3,medium-high
3323,Regional Centres and Other Regional Areas,1003.3264298,6,91.0,91.0,1000.0,200.0,1354.0,9.0,70.0,3.0,0.0,0.0,50.0,0.0,0.1286,1.354,0.0,0.856116008838085,4.5217885770490405,1.354,0.856116008838085,0.0,1,medium-low
3324,Regional Centres and Other Regional Areas,941.70484606,2,577.0,577.0,650.0,150.0,977.0,41.0,403.0,70.0,45.0,16.0,282.0,0.0567,0.1017,1.5031,0.05515084446484804,0.917529963709106,6.359573868672378,1.5031,0.917529963709106,0.23811761799581316,3,medium-high
3325,Regional Centres and Other Regional Areas,972.96413287,4,456.0,456.0,861.0,150.0,985.0,17.0,319.0,44.0,27.0,4.0,197.0,0.0203,0.0533,1.144,0.02009670169912241,0.7626732432085555,6.124683390894205,1.144,0.7626732432085555,0.14247806848775008,3,medium-high
3328,Cities and Major Regional Centres,1065.4840406,9,2308.0,2308.0,1950.0,400.0,2171.0,139.0,2037.0,441.0,38.0,22.0,1181.0,0.0186,0.0682,1.1133,0.01842913546836719,0.7482507067859694,7.744569809354496,1.1133,0.7482507067859694,0.13638181696985854,2,low
3329,Regional Centres and Other Regional Areas,1000.0237732,5,309.0,309.0,1315.0,300.0,1702.0,29.0,268.0,43.0,12.0,7.0,176.0,0.0398,0.1082,1.2943,0.039028386967478346,0.830427786093979,5.736572297479192,1.2943,0.830427786093979,0.19949937343260005,3,medium-high
3330,Cities and Major Regional Centres,1000.4699317,5,208.0,208.0,867.0,215.0,1286.0,19.0,157.0,26.0,7.0,0.0,97.0,0.0,0.121,1.4833,0.0,0.9095883208144797,5.342334251964811,1.4833,0.9095883208144797,0.0,1,medium-low
3331,Cities and Major Regional Centres,1050.790977,8,7202.0,7202.0,1850.0,390.0,2059.0,623.0,6315.0,1296.0,244.0,102.0,3700.0,0.0276,0.0987,1.113,0.027225986253591457,0.7481087386339197,8.882252884889363,1.113,0.7481087386339197,0.1661324772583615,2,low
3332,Cities and Major Regional Centres,1031.1476109,7,1181.0,1181.0,1733.0,350.0,1955.0,99.0,991.0,194.0,34.0,21.0,619.0,0.0339,0.0999,1.1281,0.03333805961051037,0.7552295628564889,7.074963197966044,1.1281,0.7552295628564889,0.1841195263952197,2,low
3333,Cities and Major Regional Centres,1005.6490267,6,864.0,864.0,1517.0,300.0,1657.0,82.0,697.0,140.0,42.0,17.0,433.0,0.0393,0.1176,1.0923,0.03854740961223893,0.7382639393630684,6.762729506931879,1.0923,0.7382639393630684,0.1982422760159901,3,medium-high
3334,Regional Centres and Other Regional Areas,998.93623723,5,544.0,544.0,1559.0,200.0,1613.0,59.0,383.0,88.0,22.0,8.0,266.0,0.0301,0.154,1.0346,0.029655884907510657,0.7102992393775108,6.300785794663244,1.0346,0.7102992393775108,0.17349351572897473,3,medium-high
3340,Cities and Major Regional Centres,1011.609353,6,25614.0,25614.0,1733.0,340.0,1806.0,3114.0,21161.0,4334.0,1862.0,526.0,12996.0,0.0405,0.1472,1.0421,0.03970136685155207,0.7139786901398784,10.150933396373302,1.0421,0.7139786901398784,0.20124611797498107,2,low
3341,Regional Centres and Other Regional Areas,1047.5380797,8,1644.0,1644.0,1777.0,360.0,2115.0,138.0,1385.0,312.0,21.0,24.0,920.0,0.0261,0.0996,1.1902,0.025765207886026414,0.7839928638595217,7.405495663199472,1.1902,0.7839928638595217,0.16155494421403513,2,low
3342,Cities and Major Regional Centres,1012.8177025,6,3946.0,3946.0,1647.0,330.0,1612.0,415.0,3170.0,664.0,250.0,72.0,1961.0,0.0367,0.1309,0.9787,0.03604259134692935,0.6824400634162573,8.280711075662847,0.9787,0.6824400634162573,0.1915724406066802,2,low
3345,Regional Centres and Other Regional Areas,1045.0892525,8,1393.0,1393.0,1733.0,320.0,2012.0,116.0,1168.0,262.0,40.0,15.0,711.0,0.0211,0.0993,1.161,0.020880477579355235,0.770571077524749,7.2399325913204695,1.161,0.770571077524749,0.1452583904633395,2,low
3350,Regional Centres and Other Regional Areas,1007.0200787,6,66022.0,66022.0,1517.0,300.0,1503.0,7891.0,48724.0,8437.0,8584.0,1551.0,33384.0,0.0465,0.162,0.9908,0.04545126290391737,0.688536568002262,11.097758445150307,0.9908,0.688536568002262,0.21563858652847825,0,high
3351,Regional Centres and Other Regional Areas,1021.6585939,7,9106.0,9106.0,1500.0,280.0,1684.0,773.0,7582.0,1504.0,204.0,160.0,4586.0,0.0349,0.102,1.1227,0.0343048036919903,0.7526888632682612,9.11679862756782,1.1227,0.7526888632682612,0.18681541692269404,2,low
3352,Regional Centres and Other Regional Areas,1039.7981488,8,18922.0,18922.0,1600.0,322.0,1858.0,1576.0,15626.0,3101.0,658.0,273.0,9795.0,0.0279,0.1009,1.1612,0.027517886036739245,0.7706636229877737,9.848133392404051,1.1612,0.7706636229877737,0.16703293088490065,2,low
3355,Regional Centres and Other Regional Areas,887.82856293,1,13059.0,13059.0,1254.0,260.0,1062.0,2288.0,9014.0,1188.0,2206.0,353.0,5283.0,0.0668,0.2538,0.8469,0.06466351332572215,0.6135085578997286,9.477309402830421,0.8469,0.6135085578997286,0.2584569596664017,0,high
3356,Regional Centres and Other Regional Areas,895.03372028,1,15601.0,15601.0,1250.0,270.0,1112.0,2884.0,11147.0,1929.0,2323.0,451.0,6842.0,0.0659,0.2587,0.8896,0.06381951271295404,0.6363651664609608,9.655154390148258,0.8896,0.6363651664609608,0.2567099530598687,0,high
3357,Regional Centres and Other Regional Areas,1071.7680853,9,3797.0,3797.0,1733.0,305.0,1745.0,314.0,3144.0,521.0,180.0,45.0,1800.0,0.025,0.0999,1.0069,0.0246926125903715,0.6965912429625004,8.242229891372231,1.0069,0.6965912429625004,0.15811388300841897,2,low
3358,Regional Centres and Other Regional Areas,1034.8169844,7,3440.0,3440.0,1600.0,390.0,2013.0,384.0,2906.0,684.0,288.0,69.0,1947.0,0.0354,0.1321,1.2581,0.03478782548566393,0.814523751726459,8.14351740579748,1.2581,0.814523751726459,0.1881488772222678,2,low
3360,Regional Centres and Other Regional Areas,957.44797366,3,803.0,803.0,1127.0,280.0,1187.0,98.0,623.0,117.0,44.0,21.0,343.0,0.0612,0.1573,1.0532,0.05940034328144753,0.719399551704011,6.6895992691789665,1.0532,0.719399551704011,0.24738633753705963,0,high
3361,Regional Centres and Other Regional Areas,924.79652723,2,695.0,695.0,867.0,190.0,964.0,84.0,453.0,87.0,36.0,20.0,274.0,0.073,0.1854,1.1119,0.07045846364856141,0.7475880162381917,6.54534966033442,1.1119,0.7475880162381917,0.2701851217221259,0,high
3363,Regional Centres and Other Regional Areas,975.49766472,4,3598.0,3598.0,1300.0,275.0,1178.0,363.0,2570.0,496.0,255.0,67.0,1502.0,0.0446,0.1412,0.9062,0.04363403702006131,0.6451117315213885,8.188411308079031,0.9062,0.6451117315213885,0.21118712081942875,0,high
3364,Regional Centres and Other Regional Areas,1042.3430092,8,2272.0,2272.0,1553.0,207.0,1458.0,147.0,1762.0,317.0,66.0,30.0,1119.0,0.0268,0.0834,0.9388,0.026447170014848292,0.6620692249890838,7.728855823852543,0.9388,0.6620692249890838,0.163707055437449,2,low
3370,Regional Centres and Other Regional Areas,923.63499636,2,1900.0,1900.0,1127.0,220.0,1048.0,241.0,1398.0,277.0,113.0,58.0,773.0,0.075,0.1724,0.9299,0.07232066157962612,0.6574681881029273,7.550135342488429,0.9299,0.6574681881029273,0.27386127875258304,0,high
3371,Regional Centres and Other Regional Areas,920.96106385,2,1090.0,1090.0,964.0,190.0,900.0,118.0,704.0,161.0,36.0,17.0,404.0,0.0421,0.1676,0.9336,0.041237908016244745,0.6593835504071361,6.994849985833071,0.9336,0.6593835504071361,0.2051828452868319,0,high
3373,Regional Centres and Other Regional Areas,952.50987111,3,2453.0,2453.0,1213.0,231.0,1111.0,252.0,1741.0,318.0,152.0,42.0,1068.0,0.0393,0.1447,0.9159,0.03854740961223893,0.6501874861198097,7.805474625270857,0.9159,0.6501874861198097,0.1982422760159901,0,high
3374,Regional Centres and Other Regional Areas,1019.3140924,6,425.0,425.0,1231.0,200.0,1474.0,31.0,315.0,60.0,17.0,7.0,213.0,0.0329,0.0984,1.1974,0.032370380030450716,0.7872748432846435,6.054439346269371,1.1974,0.7872748432846435,0.18138357147217055,3,medium-high
3375,Regional Centres and Other Regional Areas,1003.6568699,6,236.0,236.0,888.0,169.0,1458.0,18.0,200.0,18.0,14.0,0.0,116.0,0.0,0.09,1.6419,0.0,0.9714983552702496,5.4680601411351315,1.6419,0.9714983552702496,0.0,1,medium-low
3377,Regional Centres and Other Regional Areas,939.75695667,2,9602.0,9602.0,1083.0,250.0,1239.0,1116.0,6388.0,1097.0,879.0,153.0,4068.0,0.0376,0.1747,1.144,0.036910354020097076,0.7626732432085555,9.169830828637973,1.144,0.7626732432085555,0.19390719429665315,0,high
3378,Regional Centres and Other Regional Areas,1064.924167,9,140.0,140.0,800.0,135.0,1481.0,8.0,101.0,12.0,9.0,0.0,82.0,0.0,0.0792,1.8513,0.0,1.0477750306310512,4.948759890378168,1.8513,1.0477750306310512,0.0,1,medium-low
3379,Regional Centres and Other Regional Areas,989.15005388,5,749.0,749.0,677.0,150.0,1173.0,57.0,536.0,50.0,32.0,14.0,347.0,0.0403,0.1063,1.7326,0.03950913309471249,1.0052535369222504,6.620073206530356,1.7326,1.0052535369222504,0.2007485989988473,3,medium-high
3380,Regional Centres and Other Regional Areas,925.4049267,2,6220.0,6220.0,973.0,210.0,1127.0,677.0,4333.0,705.0,645.0,118.0,2738.0,0.0431,0.1562,1.1583,0.04219704869978835,0.7693208747827878,8.73568594451502,1.1583,0.7693208747827878,0.20760539492026694,0,high
3381,Regional Centres and Other Regional Areas,1021.198212,7,1401.0,1401.0,1300.0,250.0,1472.0,83.0,920.0,152.0,81.0,23.0,684.0,0.0336,0.0902,1.1323,0.03304785404620035,0.7572012093500512,7.2456550675945355,1.1323,0.7572012093500512,0.1833030277982336,3,medium-high
3384,Regional Centres and Other Regional Areas,979.45912416,4,608.0,608.0,867.0,155.0,1125.0,45.0,444.0,60.0,19.0,15.0,271.0,0.0554,0.1014,1.2976,0.05391984198943043,0.831865099871768,6.411818267709897,1.2976,0.831865099871768,0.2353720459187964,3,medium-high
3385,Regional Centres and Other Regional Areas,1034.4286347,7,541.0,541.0,867.0,196.0,1259.0,28.0,408.0,64.0,16.0,4.0,248.0,0.0161,0.0686,1.4521,0.015971769509698662,0.8969448002766174,6.295266001439646,1.4521,0.8969448002766174,0.1268857754044952,3,medium-high
3387,Regional Centres and Other Regional Areas,1033.3140629,7,289.0,289.0,813.0,170.0,1169.0,14.0,221.0,22.0,11.0,4.0,158.0,0.0253,0.0633,1.4379,0.0249852526939085,0.8911370129906149,5.66988092298052,1.4379,0.8911370129906149,0.15905973720586866,3,medium-high
3388,Regional Centres and Other Regional Areas,960.69963183,3,567.0,567.0,650.0,165.0,1115.0,51.0,418.0,45.0,22.0,9.0,243.0,0.037,0.122,1.7154,0.036331929247390274,0.9989392721840438,6.342121418721152,1.7154,0.9989392721840438,0.19235384061671346,3,medium-high
3390,Regional Centres and Other Regional Areas,932.5227986,2,957.0,957.0,701.0,180.0,1026.0,120.0,727.0,111.0,73.0,10.0,383.0,0.0261,0.1651,1.4636,0.025765207886026414,0.9016236948307512,6.86484777797086,1.4636,0.9016236948307512,0.16155494421403513,0,high
3391,Regional Centres and Other Regional Areas,974.10917141,4,181.0,181.0,510.0,165.0,1350.0,25.0,133.0,11.0,3.0,3.0,81.0,0.037,0.188,2.6471,0.036331929247390274,1.293932331247721,5.204006687076795,2.6471,1.293932331247721,0.19235384061671346,3,medium-high
3392,Regional Centres and Other Regional Areas,946.60567503,3,584.0,584.0,542.0,160.0,968.0,58.0,400.0,50.0,28.0,9.0,237.0,0.038,0.145,1.786,0.037295784743696894,1.0246068753576139,6.371611847231857,1.786,1.0246068753576139,0.19493588689617927,3,medium-high
3393,Regional Centres and Other Regional Areas,937.57360297,2,2614.0,2614.0,750.0,180.0,1137.0,300.0,1794.0,273.0,214.0,27.0,1112.0,0.0243,0.1672,1.516,0.024009452460351865,0.922670338838194,7.869019376499024,1.516,0.922670338838194,0.15588457268119896,0,high
3395,Regional Centres and Other Regional Areas,938.69566426,2,350.0,350.0,570.0,80.0,1080.0,21.0,254.0,24.0,21.0,6.0,154.0,0.039,0.0827,1.8947,0.03825871211709034,1.0628814787123106,5.860786223465865,1.8947,1.0628814787123106,0.19748417658131498,3,medium-high
3396,Regional Centres and Other Regional Areas,959.05053345,3,694.0,694.0,650.0,150.0,1120.0,63.0,489.0,47.0,47.0,8.0,302.0,0.0265,0.1288,1.7231,0.02615495747685121,1.0017709372185544,6.543911845564792,1.7231,1.0017709372185544,0.16278820596099705,3,medium-high
3400,Regional Centres and Other Regional Areas,966.60607587,3,15134.0,15134.0,1187.0,245.0,1294.0,1898.0,11056.0,1942.0,1887.0,255.0,7229.0,0.0353,0.1717,1.0901,0.03469123978993036,0.7372119117220459,9.624765221455819,1.0901,0.7372119117220459,0.18788294228055935,0,high
3401,Regional Centres and Other Regional Areas,1064.4443605,9,4596.0,4596.0,1387.0,200.0,1859.0,266.0,3826.0,609.0,108.0,36.0,2544.0,0.0142,0.0695,1.3403,0.014100124378781637,0.85027912628024,8.433159195806228,1.3403,0.85027912628024,0.11916375287812986,2,low
3407,Regional Centres and Other Regional Areas,1007.1039482,6,416.0,416.0,659.0,100.0,1336.0,28.0,313.0,45.0,12.0,5.0,212.0,0.0236,0.0895,2.0273,0.02332582530349669,1.1076711331564557,6.0330862217988015,2.0273,1.1076711331564557,0.15362291495737215,3,medium-high
3409,Regional Centres and Other Regional Areas,1024.7873989,7,987.0,987.0,780.0,180.0,1403.0,64.0,718.0,88.0,48.0,21.0,553.0,0.038,0.0891,1.7987,0.037295784743696894,1.029155023652888,6.895682697747868,1.7987,1.029155023652888,0.19493588689617927,3,medium-high
3412,Regional Centres and Other Regional Areas,915.17995714,2,295.0,295.0,566.0,100.0,837.0,44.0,227.0,28.0,17.0,4.0,123.0,0.0325,0.1938,1.4788,0.03198304585305077,0.9077745721058154,5.69035945432406,1.4788,0.9077745721058154,0.18027756377319948,0,high
3413,Regional Centres and Other Regional Areas,1078.5594199,10,196.0,196.0,900.0,126.0,1562.0,7.0,147.0,9.0,10.0,3.0,117.0,0.0256,0.0476,1.7356,0.025277807184268544,1.0063507902418038,5.2832037287379885,1.7356,1.0063507902418038,0.16,3,medium-high
3414,Regional Centres and Other Regional Areas,930.79959305,2,1719.0,1719.0,807.0,165.0,1082.0,162.0,1224.0,223.0,116.0,24.0,687.0,0.0349,0.1324,1.3408,0.0343048036919903,0.8504927512837228,7.450079569807499,1.3408,0.8504927512837228,0.18681541692269404,0,high
3415,Regional Centres and Other Regional Areas,1082.1633655,10,36.0,36.0,634.0,0.0,3125.0,4.0,34.0,0.0,0.0,0.0,31.0,0.0,0.1176,4.929,0.0,1.7798555647252308,3.6109179126442243,3.2444920000000024,1.445622142402026,0.0,1,medium-low
3418,Regional Centres and Other Regional Areas,959.92990071,3,2875.0,2875.0,800.0,198.0,1334.0,209.0,2120.0,280.0,223.0,27.0,1384.0,0.0195,0.0986,1.6675,0.019312311032372815,0.9811417041937713,7.964155718840937,1.6675,0.9811417041937713,0.1396424004376894,3,medium-high
3419,Regional Centres and Other Regional Areas,992.03296795,5,891.0,891.0,715.0,125.0,1121.0,84.0,657.0,71.0,57.0,16.0,427.0,0.0375,0.1279,1.5678,0.03681397312271631,0.9430495011748463,6.79346613258001,1.5678,0.9430495011748463,0.19364916731037085,3,medium-high
3420,Regional Centres and Other Regional Areas,1047.334215,8,283.0,283.0,455.0,138.0,1916.0,14.0,212.0,5.0,14.0,0.0,150.0,0.0,0.066,4.211,0.0,1.6507717759270777,5.648974238161206,3.2444920000000024,1.445622142402026,0.0,1,medium-low
3423,Regional Centres and Other Regional Areas,861.74865149,1,476.0,476.0,433.0,120.0,785.0,36.0,343.0,47.0,20.0,19.0,171.0,0.1111,0.105,1.8129,0.10535051560782598,1.0342159796401393,6.1675164908883415,1.8129,1.0342159796401393,0.3333166662499792,0,high
3424,Regional Centres and Other Regional Areas,955.72559686,3,750.0,750.0,500.0,100.0,1077.0,43.0,537.0,74.0,30.0,22.0,308.0,0.0714,0.0801,2.154,0.06896620446472292,1.1486714885408467,6.621405651764134,2.154,1.1486714885408467,0.2672077843177478,3,medium-high
3430,Regional Centres and Other Regional Areas,1044.5364265,8,303.0,303.0,2334.0,345.0,1699.0,28.0,223.0,32.0,14.0,3.0,162.0,0.0185,0.1256,0.7279,0.018330956684723457,0.546906798336939,5.717027701406222,0.7279,0.546906798336939,0.13601470508735444,2,low
3431,Regional Centres and Other Regional Areas,1075.0477062,9,4390.0,4390.0,2000.0,400.0,2150.0,385.0,3782.0,733.0,173.0,72.0,2355.0,0.0306,0.1018,1.075,0.030141156911986842,0.7299611536826616,8.387312270561717,1.075,0.7299611536826616,0.17492855684535902,2,low
3432,Regional Centres and Other Regional Areas,1044.021291,8,185.0,185.0,2000.0,550.0,1792.0,14.0,149.0,31.0,5.0,4.0,100.0,0.04,0.094,0.896,0.039220713153281295,0.6397464038328301,5.225746673713202,0.896,0.6397464038328301,0.2,2,low
3433,Regional Centres and Other Regional Areas,1066.2144212,9,207.0,207.0,2268.0,190.0,2222.0,19.0,178.0,38.0,4.0,7.0,109.0,0.0642,0.1067,0.9797,0.06222334318013186,0.6829453180753486,5.337538079701318,0.9797,0.6829453180753486,0.2533771891863985,2,low
3434,Regional Centres and Other Regional Areas,1049.6033503,8,6143.0,6143.0,1950.0,371.0,2071.0,580.0,5255.0,1149.0,228.0,95.0,3219.0,0.0295,0.1104,1.0621,0.029073247485707086,0.7237248810240835,8.723231274827508,1.0621,0.7237248810240835,0.17175564037317667,2,low
3435,Regional Centres and Other Regional Areas,1041.003656,8,3228.0,3228.0,1800.0,360.0,1887.0,325.0,2680.0,571.0,116.0,47.0,1621.0,0.029,0.1213,1.0483,0.028587456851912555,0.7170101808244729,8.079927770758275,1.0483,0.7170101808244729,0.17029386365926402,2,low
3437,Regional Centres and Other Regional Areas,1078.7482481,10,11715.0,11715.0,2167.0,421.0,2318.0,969.0,10141.0,1878.0,580.0,194.0,6101.0,0.0318,0.0956,1.0697,0.03130484982841249,0.7274036692380357,9.368710707947624,1.0697,0.7274036692380357,0.1783255450012701,2,low
3438,Regional Centres and Other Regional Areas,1082.6420804,10,2509.0,2509.0,1950.0,451.0,2279.0,186.0,2098.0,380.0,85.0,42.0,1270.0,0.0331,0.0887,1.1687,0.03256399087326267,0.7741279096922241,7.828038032125829,1.1687,0.7741279096922241,0.1819340539866025,2,low
3440,Regional Centres and Other Regional Areas,1095.5374994,10,2073.0,2073.0,2213.0,371.0,2353.0,152.0,1757.0,314.0,61.0,27.0,1041.0,0.0259,0.0865,1.0633,0.02557027611153001,0.7243066428090471,7.637234388789473,1.0633,0.7243066428090471,0.1609347693943108,2,low
3441,Regional Centres and Other Regional Areas,1114.6180823,10,1450.0,1450.0,2604.0,330.0,2647.0,68.0,1201.0,233.0,36.0,18.0,724.0,0.0249,0.0566,1.0165,0.024595046855380207,0.7013633353312858,7.280008252884188,1.0165,0.7013633353312858,0.157797338380595,2,low
3442,Regional Centres and Other Regional Areas,1065.4952142,9,8586.0,8586.0,2000.0,391.0,2124.0,821.0,7050.0,1282.0,430.0,145.0,4202.0,0.0345,0.1165,1.062,0.03391821820346067,0.7236763855947682,9.058004710672485,1.062,0.7236763855947682,0.1857417562100671,2,low
3444,Regional Centres and Other Regional Areas,1032.683071,7,10066.0,10066.0,1785.0,351.0,1663.0,884.0,7684.0,1380.0,675.0,166.0,4919.0,0.0337,0.115,0.9317,0.033144598592302024,0.6584004442301105,9.217018026729423,0.9317,0.6584004442301105,0.1835755975068582,2,low
3446,Regional Centres and Other Regional Areas,1039.8142344,8,1101.0,1101.0,1300.0,350.0,1614.0,67.0,854.0,206.0,40.0,24.0,559.0,0.0429,0.0785,1.2415,0.04200529414503013,0.8071452846133571,7.00488198971286,1.2415,0.8071452846133571,0.2071231517720798,3,medium-high
3447,Regional Centres and Other Regional Areas,1033.6300082,7,524.0,524.0,1534.0,277.0,1468.0,46.0,383.0,88.0,6.0,10.0,260.0,0.0385,0.1201,0.957,0.03777736433402994,0.6714126884139392,6.263398262591624,0.957,0.6714126884139392,0.19621416870348585,3,medium-high
3448,Regional Centres and Other Regional Areas,1030.1766176,7,981.0,981.0,1584.0,263.0,1455.0,80.0,774.0,178.0,14.0,22.0,491.0,0.0448,0.1034,0.9186,0.04382547954002956,0.6515957534017102,6.889591308354466,0.9186,0.6515957534017102,0.21166010488516723,2,low
3450,Regional Centres and Other Regional Areas,986.01089408,5,7588.0,7588.0,1362.0,300.0,1110.0,848.0,4738.0,794.0,747.0,111.0,2945.0,0.0377,0.179,0.815,0.03700672562909567,0.596085467716814,8.934455109403913,0.815,0.596085467716814,0.194164878389476,0,high
3451,Regional Centres and Other Regional Areas,1027.0270085,7,5819.0,5819.0,1517.0,305.0,1392.0,634.0,4530.0,962.0,284.0,99.0,2780.0,0.0356,0.14,0.9176,0.03498096889524552,0.6510744041380375,8.669055540725484,0.9176,0.6510744041380375,0.18867962264113208,2,low
3453,Regional Centres and Other Regional Areas,1029.5609514,7,1852.0,1852.0,1586.0,300.0,1594.0,163.0,1476.0,279.0,64.0,26.0,927.0,0.028,0.1104,1.005,0.027615167032973367,0.6956440607585325,7.52456122628536,1.005,0.6956440607585325,0.1673320053068151,2,low
3458,Regional Centres and Other Regional Areas,1057.6458503,9,2330.0,2330.0,1600.0,350.0,1537.0,163.0,1651.0,346.0,96.0,22.0,1081.0,0.0204,0.0987,0.9606,0.020194707285519278,0.6732505488454887,7.754052639035757,0.9606,0.6732505488454887,0.14282856857085702,2,low
3460,Regional Centres and Other Regional Areas,1002.2855126,6,2799.0,2799.0,1530.0,331.0,1183.0,318.0,1778.0,315.0,324.0,50.0,1231.0,0.0406,0.1789,0.7732,0.039797469874066085,0.5727858238887614,7.937374696163295,0.7732,0.5727858238887614,0.20149441679609884,0,high
3461,Regional Centres and Other Regional Areas,1028.4133659,7,4614.0,4614.0,1517.0,305.0,1369.0,297.0,3298.0,681.0,192.0,88.0,2205.0,0.0399,0.0901,0.9024,0.03912455468405003,0.6431162469543803,8.437067146936952,0.9024,0.6431162469543803,0.19974984355438177,2,low
3462,Regional Centres and Other Regional Areas,1007.0120993,6,1230.0,1230.0,1347.0,300.0,1146.0,115.0,917.0,206.0,38.0,18.0,539.0,0.0334,0.1254,0.8508,0.03285433687094718,0.6156179780507075,7.115582126184454,0.8508,0.6156179780507075,0.18275666882497066,3,medium-high
3463,Regional Centres and Other Regional Areas,1000.4086753,5,2588.0,2588.0,1300.0,268.0,1127.0,175.0,1816.0,365.0,107.0,51.0,1112.0,0.0459,0.0964,0.8669,0.04487775877808546,0.6242793012611448,7.859026979751538,0.8669,0.6242793012611448,0.2142428528562855,3,medium-high
3464,Regional Centres and Other Regional Areas,962.14727069,3,1192.0,1192.0,1092.0,223.0,1205.0,97.0,939.0,176.0,56.0,21.0,532.0,0.0395,0.1033,1.1035,0.03873982831593056,0.7436026240484385,7.084226422097916,1.1035,0.7436026240484385,0.19874606914351792,3,medium-high
3465,Regional Centres and Other Regional Areas,895.41258336,1,10111.0,10111.0,1070.0,240.0,911.0,1450.0,7148.0,1116.0,1042.0,221.0,3758.0,0.0588,0.2029,0.8514,0.05713619137080915,0.6159421096509738,9.221478116386638,0.8514,0.6159421096509738,0.24248711305964282,0,high
3467,Regional Centres and Other Regional Areas,922.92980245,2,1356.0,1356.0,1056.0,210.0,923.0,152.0,965.0,158.0,89.0,19.0,494.0,0.0385,0.1575,0.8741,0.03777736433402994,0.6281285441854969,7.213031659834869,0.8741,0.6281285441854969,0.19621416870348585,0,high
3468,Regional Centres and Other Regional Areas,944.26536319,2,267.0,267.0,943.0,233.0,1051.0,13.0,203.0,35.0,12.0,4.0,120.0,0.0333,0.064,1.1145,0.03275756423817219,0.7488183779304063,5.5909869805108565,1.1145,0.7488183779304063,0.1824828759089466,3,medium-high
3469,Regional Centres and Other Regional Areas,967.36956468,4,269.0,269.0,858.0,143.0,855.0,13.0,144.0,27.0,5.0,6.0,98.0,0.0612,0.0903,0.9965,0.05940034328144753,0.691395647521139,5.598421958998375,0.9965,0.691395647521139,0.24738633753705963,3,medium-high
3472,Regional Centres and Other Regional Areas,868.49989899,1,1492.0,1492.0,808.0,192.0,777.0,188.0,967.0,177.0,84.0,34.0,472.0,0.072,0.1944,0.9616,0.06952606264861023,0.6737604667597552,7.30854279753919,0.9616,0.6737604667597552,0.2683281572999748,0,high
3475,Regional Centres and Other Regional Areas,919.75365322,2,373.0,373.0,867.0,178.0,777.0,25.0,264.0,24.0,12.0,8.0,125.0,0.064,0.0947,0.8962,0.06203539091945264,0.6398518835017217,5.924255797414532,0.8962,0.6398518835017217,0.25298221281347033,3,medium-high
3477,Regional Centres and Other Regional Areas,1000.3067288,5,817.0,817.0,867.0,180.0,1224.0,57.0,605.0,76.0,15.0,11.0,391.0,0.0281,0.0942,1.4118,0.027712438566535786,0.8803733566873551,6.706862336602747,1.4118,0.8803733566873551,0.1676305461424021,3,medium-high
3478,Regional Centres and Other Regional Areas,927.22617019,2,2584.0,2584.0,867.0,185.0,927.0,270.0,1763.0,319.0,216.0,43.0,1073.0,0.0401,0.1531,1.0692,0.03931686237695038,0.727162059147223,7.85748078694253,1.0692,0.727162059147223,0.20024984394500786,0,high
3480,Regional Centres and Other Regional Areas,958.55435183,3,1805.0,1805.0,867.0,180.0,1147.0,152.0,1279.0,163.0,125.0,26.0,813.0,0.032,0.1188,1.323,0.03149866705937099,0.8428594537882721,7.498869733976931,1.323,0.8428594537882721,0.17888543819998318,3,medium-high
3482,Regional Centres and Other Regional Areas,1042.1142268,8,207.0,207.0,417.0,170.0,1166.0,13.0,129.0,11.0,5.0,0.0,64.0,0.0,0.1008,2.7962,0.0,1.3340005663987564,5.337538079701318,2.7962,1.3340005663987564,0.0,1,medium-low
3483,Regional Centres and Other Regional Areas,1007.0168049,6,882.0,882.0,704.0,152.0,1278.0,60.0,657.0,85.0,61.0,7.0,443.0,0.0158,0.0913,1.8153,0.01567647938500758,1.0350688278493252,6.78332520060396,1.8153,1.0350688278493252,0.12569805089976535,3,medium-high
3485,Regional Centres and Other Regional Areas,934.79695502,2,291.0,291.0,520.0,100.0,876.0,12.0,185.0,21.0,10.0,0.0,111.0,0.0,0.0649,1.6846,0.0,0.9875317410713986,5.676753802268282,1.6846,0.9875317410713986,0.0,1,medium-low
3487,Regional Centres and Other Regional Areas,971.11463926,4,82.0,82.0,382.0,100.0,1687.0,0.0,58.0,0.0,3.0,0.0,43.0,0.0,0.0,4.4162,0.0,1.6893944625500272,4.418840607796598,3.2444920000000024,1.445622142402026,0.0,1,medium-low
3488,Regional Centres and Other Regional Areas,978.70501503,4,89.0,89.0,867.0,53.0,1771.0,0.0,66.0,3.0,0.0,0.0,40.0,0.0,0.0,2.0427,0.0,1.1127452791340222,4.499809670330265,2.0427,1.1127452791340222,0.0,1,medium-low
3489,Regional Centres and Other Regional Areas,979.58570154,4,62.0,62.0,403.0,0.0,1125.0,10.0,47.0,0.0,0.0,0.0,23.0,0.0,0.2128,2.7916,0.0,1.3327880935967495,4.143134726391533,2.7916,1.3327880935967495,0.0,1,medium-low
3490,Regional Centres and Other Regional Areas,961.50885448,3,1292.0,1292.0,712.0,163.0,1151.0,94.0,846.0,124.0,107.0,21.0,573.0,0.0366,0.1111,1.6166,0.035946126773469124,0.9618757650946388,7.164720378771857,1.6166,0.9618757650946388,0.19131126469708992,3,medium-high
3491,Regional Centres and Other Regional Areas,978.79833092,4,149.0,149.0,109.0,173.0,1018.0,16.0,112.0,7.0,8.0,0.0,61.0,0.0,0.1429,9.3394,0.0,2.335961840317343,5.0106352940962555,3.2444920000000024,1.445622142402026,0.0,1,medium-low
3494,Regional Centres and Other Regional Areas,957.32384837,3,641.0,641.0,1114.0,150.0,1147.0,28.0,426.0,49.0,87.0,16.0,331.0,0.0483,0.0657,1.0296,0.04716980447638992,0.7078387293029351,6.464588303689961,1.0296,0.7078387293029351,0.2197726097583591,3,medium-high
3496,Regional Centres and Other Regional Areas,931.32032556,2,6464.0,6464.0,1083.0,235.0,1336.0,725.0,4842.0,846.0,523.0,155.0,3001.0,0.0516,0.1497,1.2336,0.050312813873589095,0.8036146335859163,8.774158291205957,1.2336,0.8036146335859163,0.22715633383201095,0,high
3498,Regional Centres and Other Regional Areas,1020.2041942,7,5977.0,5977.0,1343.0,260.0,1606.0,497.0,4668.0,855.0,351.0,101.0,3028.0,0.0334,0.1065,1.1958,0.03285433687094718,0.786546444818495,8.695841342843883,1.1958,0.786546444818495,0.18275666882497066,2,low
3500,Regional Centres and Other Regional Areas,915.50555206,2,34565.0,34565.0,1300.0,280.0,1295.0,5118.0,25064.0,3828.0,4883.0,932.0,15739.0,0.0592,0.2042,0.9962,0.057513906200606715,0.691245373270349,10.450625818960438,0.9962,0.691245373270349,0.2433105012119288,0,high
3501,Regional Centres and Other Regional Areas,1058.3784195,9,2146.0,2146.0,1733.0,231.0,2055.0,120.0,1833.0,335.0,67.0,31.0,1135.0,0.0273,0.0655,1.1858,0.026934001240080944,0.7819818942604361,7.671826797878781,1.1858,0.7819818942604361,0.16522711641858306,2,low
3505,Regional Centres and Other Regional Areas,957.41044479,3,5010.0,5010.0,1129.0,220.0,1338.0,557.0,3800.0,763.0,288.0,100.0,2272.0,0.044,0.1466,1.1851,0.04305948946044697,0.781661594090684,8.519390774959724,1.1851,0.781661594090684,0.20976176963403032,0,high
3506,Regional Centres and Other Regional Areas,1082.1734629,10,33.0,33.0,1200.0,370.0,1041.0,0.0,17.0,0.0,4.0,0.0,20.0,0.0,0.0,0.8675,0.0,0.6246006380248353,3.5263605246161616,0.8675,0.6246006380248353,0.0,1,medium-low
3507,Regional Centres and Other Regional Areas,995.97158888,5,171.0,171.0,542.0,125.0,900.0,28.0,110.0,8.0,7.0,3.0,58.0,0.0517,0.2545,1.6605,0.050407902543845695,0.978514075054287,5.147494476813453,1.6605,0.978514075054287,0.22737634001804147,0,high
3509,Regional Centres and Other Regional Areas,968.78758215,4,228.0,228.0,403.0,150.0,1260.0,22.0,164.0,13.0,6.0,8.0,109.0,0.0734,0.1341,3.1266,0.07083118076059143,1.4174538233689924,5.43372200355424,3.1266,1.4174538233689924,0.2709243436828813,3,medium-high
3512,Regional Centres and Other Regional Areas,994.63277035,5,369.0,369.0,693.0,110.0,1278.0,23.0,268.0,25.0,18.0,0.0,182.0,0.0,0.0858,1.8442,0.0,1.045281832956459,5.91350300563827,1.8442,1.045281832956459,0.0,1,medium-low
3515,Regional Centres and Other Regional Areas,1058.9487996,9,2516.0,2516.0,1539.0,343.0,1947.0,144.0,2207.0,490.0,75.0,23.0,1325.0,0.0174,0.0652,1.2651,0.017250353406527592,0.8176189080707852,7.830822995135316,1.2651,0.8176189080707852,0.1319090595827292,2,low
3516,Regional Centres and Other Regional Areas,1027.5039006,7,722.0,722.0,1133.0,208.0,1408.0,35.0,563.0,94.0,27.0,15.0,381.0,0.0394,0.0622,1.2427,0.038643623592204426,0.8076804971501063,6.583409222158765,1.2427,0.8076804971501063,0.19849433241279207,3,medium-high
3517,Regional Centres and Other Regional Areas,936.65930859,2,1497.0,1497.0,867.0,185.0,935.0,132.0,1055.0,173.0,77.0,36.0,569.0,0.0633,0.1251,1.0784,0.06137727967490342,0.7315983669341981,7.311886164077165,1.0784,0.7315983669341981,0.2515949125081825,0,high
3518,Regional Centres and Other Regional Areas,890.88594096,1,1321.0,1321.0,758.0,170.0,932.0,117.0,848.0,115.0,66.0,34.0,491.0,0.0692,0.138,1.2296,0.06691070528262688,0.8018221971856014,7.186901020411631,1.2296,0.8018221971856014,0.2630589287593181,0,high
3520,Regional Centres and Other Regional Areas,747.27501286,1,156.0,156.0,425.0,134.0,612.0,22.0,91.0,13.0,8.0,7.0,34.0,0.2059,0.2418,1.44,0.1872261761274098,0.8919980393051105,5.056245805348308,1.44,0.8919980393051105,0.4537620521815371,0,high
3521,Regional Centres and Other Regional Areas,1004.319489,6,772.0,772.0,1482.0,290.0,1661.0,87.0,631.0,153.0,10.0,12.0,387.0,0.031,0.1379,1.1208,0.030529205034822874,0.7517933759926787,6.650279048587422,1.1208,0.7517933759926787,0.17606816861659008,3,medium-high
3522,Regional Centres and Other Regional Areas,1010.7123757,6,338.0,338.0,1407.0,225.0,1307.0,28.0,245.0,54.0,17.0,5.0,168.0,0.0298,0.1143,0.9289,0.029364608629903935,0.6569498922480574,5.82600010738045,0.9289,0.6569498922480574,0.17262676501632068,3,medium-high
3523,Regional Centres and Other Regional Areas,946.70351889,3,3965.0,3965.0,1300.0,255.0,993.0,319.0,2630.0,513.0,216.0,82.0,1493.0,0.0549,0.1213,0.7638,0.05344597570562602,0.5674705724719433,8.285513309079741,0.7638,0.5674705724719433,0.23430749027719963,0,high
3525,Regional Centres and Other Regional Areas,960.77741528,3,1369.0,1369.0,776.0,200.0,991.0,104.0,946.0,136.0,78.0,21.0,574.0,0.0366,0.1099,1.2771,0.035946126773469124,0.822902703552482,7.222566018822171,1.2771,0.822902703552482,0.19131126469708992,3,medium-high
3527,Regional Centres and Other Regional Areas,974.68792976,4,741.0,741.0,654.0,150.0,1042.0,72.0,520.0,61.0,44.0,17.0,324.0,0.0525,0.1385,1.5933,0.05116828657439943,0.9529311959691469,6.60934924316738,1.5933,0.9529311959691469,0.229128784747792,3,medium-high
3529,Regional Centres and Other Regional Areas,1018.0482196,6,117.0,117.0,500.0,110.0,1333.0,16.0,104.0,6.0,7.0,0.0,60.0,0.0,0.1538,2.666,0.0,1.2991011494175133,4.770684624465665,2.666,1.2991011494175133,0.0,1,medium-low
3530,Regional Centres and Other Regional Areas,1017.6133083,6,114.0,114.0,542.0,55.0,1156.0,0.0,72.0,10.0,0.0,0.0,63.0,0.0,0.0,2.1328,0.0,1.1419271733540541,4.74493212836325,2.1328,1.1419271733540541,0.0,1,medium-low
3531,Regional Centres and Other Regional Areas,1008.1685885,6,194.0,194.0,433.0,150.0,1093.0,18.0,158.0,11.0,15.0,9.0,86.0,0.1047,0.1139,2.5242,0.09957380489609238,1.2596534601524931,5.272999558563747,2.5242,1.2596534601524931,0.32357379374726875,3,medium-high
3533,Regional Centres and Other Regional Areas,946.96863274,3,744.0,744.0,650.0,140.0,941.0,77.0,533.0,74.0,47.0,12.0,315.0,0.0381,0.1445,1.4477,0.03739211921706267,0.8951488081207272,6.61338421837956,1.4477,0.8951488081207272,0.19519221295943134,3,medium-high
3537,Regional Centres and Other Regional Areas,986.298567,5,1094.0,1094.0,921.0,180.0,1134.0,87.0,697.0,82.0,50.0,8.0,420.0,0.019,0.1248,1.2313,0.01882175424058776,0.8025843752583206,6.9985096422506015,1.2313,0.8025843752583206,0.13784048752090222,3,medium-high
3540,Regional Centres and Other Regional Areas,884.0886851,1,263.0,263.0,729.0,80.0,900.0,36.0,171.0,19.0,9.0,6.0,101.0,0.0594,0.2105,1.2346,0.05770271012828925,0.8040622411311005,5.575949103146316,1.2346,0.8040622411311005,0.2437211521390788,0,high
3542,Regional Centres and Other Regional Areas,1035.5856039,7,139.0,139.0,433.0,168.0,916.0,5.0,101.0,13.0,5.0,0.0,60.0,0.0,0.0495,2.1155,0.0,1.1363896530021396,4.941642422609304,2.1155,1.1363896530021396,0.0,1,medium-low
3544,Regional Centres and Other Regional Areas,1000.2669086,5,252.0,252.0,627.0,165.0,1262.0,18.0,174.0,20.0,10.0,4.0,120.0,0.0333,0.1034,2.0128,0.03275756423817219,1.102869878920751,5.53338948872752,2.0128,1.102869878920751,0.1824828759089466,3,medium-high
3546,Regional Centres and Other Regional Areas,965.28997899,3,346.0,346.0,477.0,130.0,1312.0,32.0,266.0,33.0,19.0,5.0,174.0,0.0287,0.1203,2.7505,0.028295869154847303,1.3218891644275539,5.849324779946859,2.7505,1.3218891644275539,0.16941074346097415,3,medium-high
3549,Regional Centres and Other Regional Areas,830.0621229,1,4017.0,4017.0,1050.0,214.0,1367.0,307.0,2548.0,233.0,459.0,105.0,1776.0,0.0591,0.1205,1.3019,0.05741949086748649,0.8337348688695922,8.29853954537488,1.3019,0.8337348688695922,0.24310491562286435,0,high
3550,Regional Centres and Other Regional Areas,967.95445686,4,41839.0,41839.0,1311.0,285.0,1367.0,5801.0,29156.0,4655.0,6476.0,986.0,20451.0,0.0482,0.199,1.0427,0.04707440738592883,0.7142724621748936,10.641608098738805,1.0427,0.7142724621748936,0.21954498400100148,0,high
3551,Regional Centres and Other Regional Areas,1049.7741259,8,35614.0,35614.0,1625.0,360.0,2012.0,3197.0,30675.0,5955.0,1440.0,588.0,18412.0,0.0319,0.1042,1.2382,0.03140176313953161,0.8056719714017897,10.480522176412455,1.2382,0.8056719714017897,0.1786057109949175,2,low
3555,Regional Centres and Other Regional Areas,951.60098986,3,21043.0,21043.0,1300.0,290.0,1238.0,3045.0,15184.0,2692.0,2627.0,397.0,9508.0,0.0418,0.2005,0.9523,0.04094998632895411,0.6690081647066195,9.954370762850697,0.9523,0.6690081647066195,0.2044504830026087,0,high
3556,Regional Centres and Other Regional Areas,916.87521732,2,14088.0,14088.0,1300.0,280.0,1229.0,2385.0,10719.0,1973.0,1572.0,332.0,6439.0,0.0516,0.2225,0.9454,0.050312813873589095,0.6654676114532029,9.553149630053277,0.9454,0.6654676114532029,0.22715633383201095,0,high
3557,Regional Centres and Other Regional Areas,1022.1149925,7,853.0,853.0,1338.0,245.0,1680.0,56.0,680.0,153.0,27.0,12.0,438.0,0.0274,0.0824,1.2556,0.02703133905103043,0.81341601295089,6.74993119378857,1.2556,0.81341601295089,0.16552945357246848,3,medium-high
3558,Regional Centres and Other Regional Areas,926.18405976,2,971.0,971.0,1083.0,220.0,972.0,113.0,665.0,114.0,73.0,20.0,385.0,0.0519,0.1699,0.8975,0.05059805276309138,0.640537230287648,6.879355804460439,0.8975,0.640537230287648,0.22781571499789036,0,high
3559,Regional Centres and Other Regional Areas,1015.7935149,6,563.0,563.0,975.0,200.0,1272.0,58.0,418.0,56.0,22.0,4.0,269.0,0.0149,0.1388,1.3046,0.01479008547263543,0.834907125597777,6.335054251498059,1.3046,0.834907125597777,0.12206555615733702,3,medium-high
3561,Regional Centres and Other Regional Areas,957.38468711,3,4498.0,4498.0,1152.0,213.0,1207.0,452.0,3351.0,521.0,317.0,63.0,2002.0,0.0315,0.1349,1.0477,0.03101405352916946,0.7167172120723775,8.411610428841172,1.0477,0.7167172120723775,0.17748239349298847,0,high
3562,Regional Centres and Other Regional Areas,1005.5572202,6,257.0,257.0,1767.0,200.0,1774.0,24.0,197.0,38.0,15.0,0.0,126.0,0.0,0.1218,1.004,0.0,0.6951451832226183,5.552959584921617,1.004,0.6951451832226183,0.0,1,medium-low
3563,Regional Centres and Other Regional Areas,932.43777314,2,850.0,850.0,1100.0,200.0,1268.0,108.0,630.0,99.0,52.0,19.0,387.0,0.0491,0.1714,1.1527,0.0479326537553028,0.7667228682182641,6.7464121285733745,1.1527,0.7667228682182641,0.22158519806160337,0,high
3564,Regional Centres and Other Regional Areas,976.15800597,4,17080.0,17080.0,1500.0,285.0,1371.0,2030.0,12872.0,2102.0,1732.0,296.0,8224.0,0.036,0.1577,0.914,0.035367143837291316,0.6491952930307625,9.74572201363806,0.914,0.6491952930307625,0.18973665961010275,0,high
3565,Regional Centres and Other Regional Areas,1026.5103513,7,134.0,134.0,1300.0,170.0,1687.0,0.0,118.0,16.0,9.0,9.0,72.0,0.125,0.0,1.2977,0.11778303565638346,0.8319086226015205,4.90527477843843,1.2977,0.8319086226015205,0.3535533905932738,3,medium-high
3566,Regional Centres and Other Regional Areas,956.10995248,3,578.0,578.0,1000.0,185.0,1062.0,44.0,440.0,62.0,34.0,3.0,273.0,0.011,0.1,1.062,0.010939940038334364,0.7236763855947682,6.361302477572996,1.062,0.7236763855947682,0.10488088481701516,3,medium-high
3567,Regional Centres and Other Regional Areas,950.93729097,3,665.0,665.0,867.0,160.0,1044.0,46.0,530.0,51.0,47.0,8.0,338.0,0.0237,0.0868,1.2042,0.023423514943588058,0.7903646312753045,6.501289670540389,1.2042,0.7903646312753045,0.15394804318340652,3,medium-high
3568,Regional Centres and Other Regional Areas,975.39674181,4,2947.0,2947.0,976.0,183.0,1155.0,215.0,2139.0,295.0,217.0,23.0,1270.0,0.0181,0.1005,1.1834,0.017938145131012995,0.7808832948640321,7.988882253309227,1.1834,0.7808832948640321,0.13453624047073712,3,medium-high
3570,Regional Centres and Other Regional Areas,987.00525028,5,837.0,837.0,1200.0,230.0,1455.0,68.0,635.0,127.0,20.0,11.0,359.0,0.0306,0.1071,1.2125,0.030141156911986842,0.7941230978999475,6.731018100482083,1.2125,0.7941230978999475,0.17492855684535902,3,medium-high
3571,Regional Centres and Other Regional Areas,1034.0941893,7,305.0,305.0,1198.0,100.0,1375.0,32.0,254.0,25.0,12.0,0.0,156.0,0.0,0.126,1.1477,0.0,0.764397502088112,5.723585101952381,1.1477,0.764397502088112,0.0,1,medium-low
3572,Regional Centres and Other Regional Areas,1047.8530124,8,137.0,137.0,1509.0,250.0,1781.0,5.0,109.0,14.0,5.0,0.0,73.0,0.0,0.0459,1.1803,0.0,0.7794624820118654,4.927253685157205,1.1803,0.7794624820118654,0.0,1,medium-low
3573,Regional Centres and Other Regional Areas,989.34918082,5,340.0,340.0,690.0,100.0,1228.0,28.0,244.0,31.0,15.0,7.0,171.0,0.0409,0.1148,1.7797,0.04008572353928564,1.022343008210382,5.831882477283517,1.7797,1.022343008210382,0.20223748416156684,3,medium-high
3575,Regional Centres and Other Regional Areas,912.79685244,2,842.0,842.0,777.0,160.0,1060.0,85.0,612.0,70.0,67.0,27.0,397.0,0.068,0.1389,1.3642,0.0657877405380031,0.8604396983341396,6.736966958001855,1.3642,0.8604396983341396,0.260768096208106,0,high
3576,Regional Centres and Other Regional Areas,1003.3127622,6,60.0,60.0,217.0,115.0,1174.0,0.0,53.0,9.0,0.0,0.0,38.0,0.0,0.0,5.4101,0.0,1.8578748714349151,4.110873864173311,3.2444920000000024,1.445622142402026,0.0,1,medium-low
3579,Regional Centres and Other Regional Areas,939.33542705,2,5450.0,5450.0,1000.0,200.0,1050.0,576.0,3879.0,584.0,449.0,101.0,2288.0,0.0441,0.1485,1.05,0.04315527031392761,0.7178397931503169,8.603554357064281,1.05,0.7178397931503169,0.21,0,high
3580,Regional Centres and Other Regional Areas,953.92333846,3,1101.0,1101.0,1105.0,200.0,973.0,113.0,832.0,116.0,51.0,25.0,437.0,0.0572,0.1358,0.8805,0.05562390374799708,0.631537698928254,7.00488198971286,0.8805,0.631537698928254,0.23916521486202796,0,high
3581,Regional Centres and Other Regional Areas,1025.7559261,7,147.0,147.0,879.0,188.0,1321.0,0.0,110.0,7.0,8.0,0.0,71.0,0.0,0.0,1.5028,0.0,0.9174101051420713,4.997212273764115,1.5028,0.9174101051420713,0.0,1,medium-low
3583,Regional Centres and Other Regional Areas,1002.6676204,6,162.0,162.0,930.0,170.0,1399.0,3.0,126.0,23.0,3.0,6.0,77.0,0.0779,0.0238,1.5043,0.07501470380544568,0.9180092543681193,5.093750200806762,1.5043,0.9180092543681193,0.27910571473905726,3,medium-high
3584,Regional Centres and Other Regional Areas,1013.6549133,6,1138.0,1138.0,1083.0,200.0,1413.0,94.0,847.0,167.0,62.0,14.0,553.0,0.0253,0.111,1.3047,0.0249852526939085,0.8349505161343078,7.037905963447182,1.3047,0.8349505161343078,0.15905973720586866,3,medium-high
3585,Regional Centres and Other Regional Areas,963.80327903,3,11508.0,11508.0,1300.0,235.0,1394.0,1379.0,8498.0,1330.0,1400.0,166.0,5569.0,0.0298,0.1623,1.0723,0.029364608629903935,0.7286591015613049,9.350884616968491,1.0723,0.7286591015613049,0.17262676501632068,0,high
3586,Regional Centres and Other Regional Areas,1033.9036188,7,799.0,799.0,1300.0,250.0,1656.0,40.0,633.0,101.0,39.0,7.0,441.0,0.0159,0.0632,1.2738,0.015774919115362215,0.8214524407128692,6.684611727667927,1.2738,0.8214524407128692,0.12609520212918493,3,medium-high
3588,Regional Centres and Other Regional Areas,947.56918874,3,404.0,404.0,867.0,175.0,1283.0,50.0,332.0,60.0,10.0,6.0,186.0,0.0323,0.1506,1.4798,0.031789322489407336,0.9081779117636046,6.003887067106539,1.4798,0.9081779117636046,0.17972200755611428,3,medium-high
3589,Regional Centres and Other Regional Areas,1034.5925186,7,359.0,359.0,975.0,250.0,1781.0,21.0,249.0,32.0,24.0,0.0,191.0,0.0,0.0843,1.8267,0.0,1.0391099535190018,5.886104031450156,1.8267,1.0391099535190018,0.0,1,medium-low
3590,Regional Centres and Other Regional Areas,1007.7452428,6,337.0,337.0,1000.0,150.0,1390.0,15.0,259.0,40.0,17.0,3.0,163.0,0.0184,0.0579,1.39,0.018232768261059712,0.8712933659434192,5.823045895483019,1.39,0.8712933659434192,0.13564659966250536,3,medium-high
3591,Regional Centres and Other Regional Areas,1021.3436179,7,163.0,163.0,1135.0,135.0,1708.0,5.0,141.0,25.0,3.0,4.0,93.0,0.043,0.0355,1.5048,0.04210117601863539,0.9182088910300589,5.099866427824199,1.5048,0.9182088910300589,0.2073644135332772,3,medium-high
3594,Regional Centres and Other Regional Areas,888.95936229,1,536.0,536.0,867.0,210.0,1130.0,55.0,371.0,70.0,43.0,15.0,270.0,0.0556,0.1482,1.3033,0.05410932564703195,0.8343428772267226,6.285998094508865,1.3033,0.8343428772267226,0.23579652245103191,0,high
3595,Regional Centres and Other Regional Areas,834.09526314,1,673.0,673.0,650.0,188.0,979.0,90.0,431.0,83.0,53.0,16.0,233.0,0.0687,0.2088,1.5062,0.06644295654871397,0.9187676617490476,6.513230110912307,1.5062,0.9187676617490476,0.26210684844162313,0,high
3596,Regional Centres and Other Regional Areas,954.70183012,3,103.0,103.0,1192.0,220.0,1249.0,14.0,73.0,5.0,7.0,0.0,48.0,0.0,0.1918,1.0478,0.0,0.7167660461585793,4.6443908991413725,1.0478,0.7167660461585793,0.0,1,medium-low
3597,Regional Centres and Other Regional Areas,961.07307643,3,458.0,458.0,650.0,130.0,1583.0,27.0,275.0,26.0,43.0,6.0,277.0,0.0217,0.0982,2.4354,0.021467906615240923,1.234133367220788,6.129050210060545,2.4354,1.234133367220788,0.14730919862656236,3,medium-high
3599,Regional Centres and Other Regional Areas,969.49606915,4,154.0,154.0,840.0,162.0,1531.0,4.0,96.0,10.0,9.0,0.0,67.0,0.0,0.0417,1.8226,0.0,1.0376584459977696,5.043425116919247,1.8226,1.0376584459977696,0.0,1,medium-low
3607,Regional Centres and Other Regional Areas,1047.9485818,8,160.0,160.0,1300.0,207.0,1416.0,14.0,118.0,16.0,3.0,0.0,83.0,0.0,0.1186,1.0892,0.0,0.7367812175800066,5.081404364984463,1.0892,0.7367812175800066,0.0,1,medium-low
3608,Regional Centres and Other Regional Areas,968.47839393,4,2825.0,2825.0,1437.0,290.0,1183.0,259.0,1994.0,312.0,245.0,44.0,1253.0,0.0351,0.1299,0.8232,0.03449804040756744,0.6005931989493375,7.946617563244473,0.8232,0.6005931989493375,0.18734993995195195,0,high
3610,Regional Centres and Other Regional Areas,955.56133208,3,1600.0,1600.0,1200.0,231.0,1122.0,125.0,1058.0,182.0,106.0,35.0,671.0,0.0522,0.1181,0.935,0.050883210314569806,0.6601073264817452,7.3783837129967145,0.935,0.6601073264817452,0.22847319317591724,3,medium-high
3612,Regional Centres and Other Regional Areas,910.19935441,2,1801.0,1801.0,1000.0,195.0,904.0,161.0,1201.0,229.0,96.0,28.0,661.0,0.0424,0.1341,0.904,0.04152574682849831,0.6439569363691736,7.496652438168283,0.904,0.6439569363691736,0.20591260281974,0,high
3614,Regional Centres and Other Regional Areas,1026.1245444,7,927.0,927.0,1517.0,250.0,1993.0,45.0,780.0,159.0,38.0,18.0,506.0,0.0356,0.0577,1.3138,0.03498096889524552,0.8388911946126515,6.833031732786201,1.3138,0.8388911946126515,0.18867962264113208,2,low
3616,Regional Centres and Other Regional Areas,986.89949418,5,5605.0,5605.0,1300.0,245.0,1381.0,552.0,4272.0,735.0,419.0,89.0,2652.0,0.0336,0.1292,1.0623,0.03304785404620035,0.7238218648278643,8.631592731724734,1.0623,0.7238218648278643,0.1833030277982336,0,high
3617,Regional Centres and Other Regional Areas,997.84603488,5,161.0,161.0,1454.0,230.0,1174.0,7.0,133.0,23.0,3.0,5.0,80.0,0.0625,0.0526,0.8074,0.06062462181643484,0.5918893484857184,5.087596335232384,0.8074,0.5918893484857184,0.25,3,medium-high
3618,Regional Centres and Other Regional Areas,885.766031,1,679.0,679.0,1083.0,180.0,1030.0,84.0,486.0,95.0,51.0,21.0,312.0,0.0673,0.1728,0.9511,0.06513209493778221,0.6683933160937159,6.522092798170152,0.9511,0.6683933160937159,0.25942243542145693,0,high
3620,Regional Centres and Other Regional Areas,960.24505171,3,8340.0,8340.0,1268.0,220.0,1202.0,1001.0,6427.0,1019.0,735.0,138.0,3792.0,0.0364,0.1557,0.9479,0.03575316970581786,0.6667518692004137,9.028938392241612,0.9479,0.6667518692004137,0.19078784028338913,0,high
3621,Regional Centres and Other Regional Areas,954.42571017,3,2437.0,2437.0,1172.0,200.0,1262.0,256.0,1891.0,334.0,187.0,45.0,1174.0,0.0383,0.1354,1.0768,0.03758476032727121,0.7308282475276338,7.798933310041217,1.0768,0.7308282475276338,0.19570385790780928,0,high
3622,Regional Centres and Other Regional Areas,991.08696569,5,537.0,537.0,1408.0,150.0,1490.0,36.0,428.0,77.0,17.0,3.0,273.0,0.011,0.0841,1.0582,0.010939940038334364,0.7218318144198543,6.2878585601617845,1.0582,0.7218318144198543,0.10488088481701516,3,medium-high
3623,Regional Centres and Other Regional Areas,928.2584056,2,890.0,890.0,884.0,198.0,1125.0,133.0,671.0,121.0,61.0,14.0,416.0,0.0337,0.1982,1.2726,0.033144598592302024,0.8209245505017717,6.792344427470809,1.2726,0.8209245505017717,0.1835755975068582,0,high
3624,Regional Centres and Other Regional Areas,932.34344839,2,563.0,563.0,1083.0,180.0,1093.0,63.0,419.0,63.0,41.0,9.0,234.0,0.0385,0.1504,1.0092,0.03777736433402994,0.6977366328937527,6.335054251498059,1.0092,0.6977366328937527,0.19621416870348585,0,high
3629,Regional Centres and Other Regional Areas,897.96282536,1,9536.0,9536.0,1179.0,250.0,1167.0,1484.0,6663.0,1124.0,1089.0,221.0,4114.0,0.0537,0.2227,0.9898,0.05230777962334486,0.6880341311731223,9.162934249578912,0.9898,0.6880341311731223,0.23173260452512934,0,high
3630,Regional Centres and Other Regional Areas,897.26438012,1,32151.0,32151.0,1248.0,270.0,1287.0,4576.0,23202.0,3305.0,4464.0,777.0,14038.0,0.0553,0.1972,1.0312,0.05382508669490746,0.7086267514083315,10.378229936129037,1.0312,0.7086267514083315,0.23515952032609694,0,high
3631,Regional Centres and Other Regional Areas,1039.4465528,8,14605.0,14605.0,1603.0,350.0,1981.0,1088.0,12486.0,2178.0,623.0,235.0,7538.0,0.0312,0.0871,1.2358,0.03072317264284058,0.8045991058540883,9.589187682180055,1.2358,0.8045991058540883,0.17663521732655693,2,low
3633,Regional Centres and Other Regional Areas,1044.4734511,8,620.0,620.0,1603.0,295.0,1676.0,37.0,509.0,77.0,24.0,13.0,343.0,0.0379,0.0727,1.0455,0.03719944098910626,0.7156422583873162,6.431331081933479,1.0455,0.7156422583873162,0.19467922333931786,2,low
3634,Regional Centres and Other Regional Areas,1014.2834023,6,1888.0,1888.0,1300.0,230.0,1652.0,204.0,1560.0,322.0,58.0,19.0,977.0,0.0194,0.1308,1.2708,0.019214218923804288,0.820132192314434,7.543802867501509,1.2708,0.820132192314434,0.1392838827718412,3,medium-high
3635,Regional Centres and Other Regional Areas,969.45175799,4,552.0,552.0,1100.0,220.0,1416.0,39.0,399.0,86.0,23.0,12.0,285.0,0.0421,0.0977,1.2873,0.041237908016244745,0.827372082651177,6.315358001522335,1.2873,0.827372082651177,0.2051828452868319,3,medium-high
3636,Regional Centres and Other Regional Areas,951.72196499,3,5375.0,5375.0,1148.0,210.0,1172.0,673.0,3892.0,666.0,445.0,83.0,2303.0,0.036,0.1729,1.0209,0.035367143837291316,0.7035429567420656,8.589699882202986,1.0209,0.7035429567420656,0.18973665961010275,0,high
3637,Regional Centres and Other Regional Areas,996.23614815,5,642.0,642.0,1211.0,236.0,1431.0,44.0,519.0,65.0,26.0,5.0,309.0,0.0162,0.0848,1.1817,0.016070180177494467,0.7801043894158415,6.466144724237619,1.1817,0.7801043894158415,0.12727922061357855,3,medium-high
3638,Regional Centres and Other Regional Areas,975.60813361,4,2199.0,2199.0,1127.0,194.0,1184.0,246.0,1640.0,284.0,152.0,43.0,1042.0,0.0413,0.15,1.0506,0.04046993255371322,0.7181324332538538,7.696212639346407,1.0506,0.7181324332538538,0.20322401432901577,0,high
3639,Regional Centres and Other Regional Areas,968.22545821,4,479.0,479.0,975.0,177.0,937.0,35.0,329.0,54.0,23.0,14.0,230.0,0.0609,0.1064,0.961,0.05911760448308881,0.6734545472142092,6.173786103901937,0.961,0.6734545472142092,0.24677925358506134,3,medium-high
3640,Regional Centres and Other Regional Areas,983.36608226,4,1025.0,1025.0,1203.0,240.0,1505.0,101.0,782.0,124.0,56.0,21.0,536.0,0.0392,0.1292,1.251,0.03845118637425273,0.8113745619245951,6.933423025730715,1.251,0.8113745619245951,0.1979898987322333,3,medium-high
3641,Regional Centres and Other Regional Areas,975.29338108,4,1266.0,1266.0,1083.0,210.0,1339.0,129.0,965.0,170.0,72.0,17.0,576.0,0.0295,0.1337,1.2364,0.029073247485707086,0.8048674301703531,7.144407180321139,1.2364,0.8048674301703531,0.17175564037317667,3,medium-high
3644,Regional Centres and Other Regional Areas,934.22259786,2,9390.0,9390.0,1300.0,250.0,1178.0,982.0,6818.0,1057.0,914.0,158.0,4082.0,0.0387,0.144,0.9062,0.03796993125162867,0.6451117315213885,9.147507062804614,0.9062,0.6451117315213885,0.19672315572906002,0,high
3646,Regional Centres and Other Regional Areas,993.30825166,5,601.0,601.0,1135.0,200.0,1385.0,83.0,466.0,81.0,25.0,7.0,297.0,0.0236,0.1781,1.2203,0.02332582530349669,0.7976423218893933,6.400257445308821,1.2203,0.7976423218893933,0.15362291495737215,3,medium-high
3647,Regional Centres and Other Regional Areas,1072.3575794,9,51.0,51.0,1300.0,185.0,3374.0,0.0,8.0,0.0,5.0,3.0,26.0,0.1154,0.0,1.05,0.10921308497331628,0.7178397931503169,3.9512437185814275,1.05,0.7178397931503169,0.3397057550292606,3,medium-high
3649,Regional Centres and Other Regional Areas,971.67044069,4,478.0,478.0,950.0,185.0,1261.0,38.0,355.0,59.0,24.0,16.0,240.0,0.0667,0.107,1.3274,0.06456977064930008,0.8447517646918394,6.171700597410915,1.3274,0.8447517646918394,0.25826343140289915,3,medium-high
3658,Regional Centres and Other Regional Areas,989.09130305,5,6251.0,6251.0,1517.0,310.0,1578.0,796.0,4939.0,1088.0,351.0,148.0,3059.0,0.0484,0.1612,1.0402,0.04726519246711422,0.7130478422662815,8.740656691541368,1.0402,0.7130478422662815,0.22,0,high
3659,Regional Centres and Other Regional Areas,1029.6950906,7,748.0,748.0,1733.0,263.0,1775.0,94.0,614.0,110.0,32.0,16.0,398.0,0.0402,0.1531,1.0242,0.03941300235683504,0.7051745607726637,6.618738983517219,1.0242,0.7051745607726637,0.20049937655763422,2,low
3660,Regional Centres and Other Regional Areas,922.67425947,2,7842.0,7842.0,1300.0,250.0,1214.0,1209.0,5546.0,898.0,901.0,190.0,3517.0,0.054,0.218,0.9338,0.05259245011917058,0.6594869790673101,8.967376693212666,0.9338,0.6594869790673101,0.232379000772445,0,high
3662,Regional Centres and Other Regional Areas,1117.2250172,10,1108.0,1108.0,1714.0,265.0,2510.0,17.0,700.0,5.0,229.0,13.0,703.0,0.0185,0.0243,1.4644,0.018330956684723457,0.9019483701582786,7.011213987350367,1.4644,0.9019483701582786,0.13601470508735444,2,low
3663,Regional Centres and Other Regional Areas,1040.4099197,8,183.0,183.0,1515.0,274.0,2042.0,15.0,130.0,19.0,12.0,3.0,98.0,0.0306,0.1154,1.3479,0.030141156911986842,0.8535213116210748,5.214935757608986,1.3479,0.8535213116210748,0.17492855684535902,3,medium-high
3664,Regional Centres and Other Regional Areas,1010.9471768,6,1139.0,1139.0,1500.0,300.0,1418.0,123.0,917.0,161.0,75.0,12.0,577.0,0.0208,0.1341,0.9453,0.02058663360838838,0.6654162068216343,7.038783541388542,0.9453,0.6654162068216343,0.14422205101855956,3,medium-high
3665,Regional Centres and Other Regional Areas,1031.8003717,7,397.0,397.0,1000.0,265.0,1261.0,39.0,304.0,41.0,7.0,5.0,191.0,0.0262,0.1283,1.261,0.02586265952572737,0.8158071932958327,5.986452005284438,1.261,0.8158071932958327,0.16186414056238646,3,medium-high
3666,Regional Centres and Other Regional Areas,976.56687131,4,5142.0,5142.0,1200.0,250.0,1153.0,538.0,3631.0,561.0,400.0,70.0,2237.0,0.0313,0.1482,0.9608,0.030820142339886263,0.6733525532317658,8.545391845774915,0.9608,0.6733525532317658,0.17691806012954134,0,high
3669,Regional Centres and Other Regional Areas,982.05160787,4,1475.0,1475.0,1300.0,250.0,1059.0,128.0,987.0,159.0,79.0,29.0,613.0,0.0473,0.1297,0.8146,0.04621542379696299,0.5958650577533915,7.297091005160418,0.8146,0.5958650577533915,0.21748563170931545,3,medium-high
3670,Regional Centres and Other Regional Areas,1005.9137674,6,596.0,596.0,1300.0,260.0,1312.0,51.0,465.0,97.0,27.0,10.0,306.0,0.0327,0.1097,1.0092,0.03217673169522125,0.6977366328937527,6.391917113392602,1.0092,0.6977366328937527,0.18083141320025126,3,medium-high
3672,Regional Centres and Other Regional Areas,950.4355162,3,10822.0,10822.0,1253.0,250.0,1142.0,1335.0,7478.0,1241.0,1190.0,171.0,4615.0,0.0371,0.1785,0.9114,0.03642835661355149,0.6478359578499422,9.289428778295147,0.9114,0.6478359578499422,0.19261360284258222,0,high
3673,Regional Centres and Other Regional Areas,1025.6902277,7,1818.0,1818.0,1500.0,200.0,1351.0,110.0,1424.0,250.0,58.0,23.0,940.0,0.0245,0.0772,0.9007,0.024204688696817394,0.6422222393746548,7.506042178518122,0.9007,0.6422222393746548,0.15652475842498528,2,low
3675,Regional Centres and Other Regional Areas,1034.3660474,7,1936.0,1936.0,1408.0,250.0,1505.0,140.0,1566.0,304.0,58.0,25.0,1022.0,0.0245,0.0894,1.0689,0.024204688696817394,0.7270170650675605,7.5688956634069955,1.0689,0.7270170650675605,0.15652475842498528,2,low
3677,Regional Centres and Other Regional Areas,958.40032791,3,19214.0,19214.0,1300.0,260.0,1218.0,2639.0,13913.0,2367.0,2256.0,317.0,8880.0,0.0357,0.1897,0.9369,0.03507752661269611,0.6610887568660564,9.863446502998944,0.9369,0.6610887568660564,0.18894443627691185,0,high
3678,Regional Centres and Other Regional Areas,1058.6427424,9,6568.0,6568.0,1600.0,250.0,1658.0,364.0,5319.0,853.0,197.0,54.0,3479.0,0.0155,0.0684,1.0362,0.015381102038302324,0.7110853256909583,8.790116892892472,1.0362,0.7110853256909583,0.12449899597988733,2,low
3682,Regional Centres and Other Regional Areas,1000.7501738,5,645.0,645.0,1300.0,230.0,1509.0,38.0,521.0,102.0,21.0,8.0,350.0,0.0229,0.0729,1.1608,0.02264173048082465,0.7704785234962688,6.470799503782602,1.1608,0.7704785234962688,0.15132745950421556,3,medium-high
3683,Regional Centres and Other Regional Areas,997.30715724,5,1748.0,1748.0,1300.0,260.0,1338.0,140.0,1330.0,301.0,86.0,34.0,851.0,0.04,0.1053,1.0292,0.039220713153281295,0.7076416267103978,7.466799475018602,1.0292,0.7076416267103978,0.2,3,medium-high
3685,Regional Centres and Other Regional Areas,984.30583439,4,2935.0,2935.0,1300.0,250.0,1351.0,322.0,2218.0,399.0,221.0,40.0,1414.0,0.0283,0.1452,1.0392,0.027906953253007873,0.7125575740797686,7.984803389734406,1.0392,0.7125575740797686,0.16822603841260722,0,high
3687,Regional Centres and Other Regional Areas,993.32351337,5,1061.0,1061.0,1473.0,230.0,1280.0,93.0,828.0,155.0,67.0,13.0,486.0,0.0267,0.1123,0.869,0.02634977532278202,0.6254035284734258,6.967909201801884,0.869,0.6254035284734258,0.16340134638368192,3,medium-high
3688,Regional Centres and Other Regional Areas,1048.5388307,8,1334.0,1334.0,1517.0,280.0,1765.0,58.0,1061.0,238.0,40.0,12.0,737.0,0.0163,0.0547,1.1635,0.016168581161583706,0.7717272806828024,7.19668657083435,1.1635,0.7717272806828024,0.12767145334803703,2,low
3690,Regional Centres and Other Regional Areas,951.81570237,3,35051.0,35051.0,1385.0,285.0,1400.0,5282.0,26733.0,4394.0,4907.0,802.0,17080.0,0.047,0.1976,1.0108,0.045928931888399804,0.6985326528362831,10.46458795217574,1.0108,0.6985326528362831,0.216794833886788,0,high
3691,Regional Centres and Other Regional Areas,1069.3350842,9,12771.0,12771.0,1713.0,340.0,2076.0,831.0,10259.0,1981.0,607.0,148.0,6899.0,0.0215,0.081,1.2119,0.021272135275539696,0.7938518746815775,9.455010553834672,1.2119,0.7938518746815775,0.14662878298615178,2,low
3695,Regional Centres and Other Regional Areas,1078.4431705,10,488.0,488.0,1517.0,245.0,1823.0,28.0,427.0,61.0,14.0,3.0,279.0,0.0108,0.0656,1.2017,0.010742096531902109,0.7892297892369897,6.192362489474872,1.2017,0.7892297892369897,0.10392304845413264,2,low
3697,Regional Centres and Other Regional Areas,1041.8245684,8,568.0,568.0,1400.0,220.0,1375.0,35.0,434.0,75.0,15.0,5.0,267.0,0.0187,0.0806,0.9821,0.018527304613883622,0.6841568887218127,6.343880434126331,0.9821,0.6841568887218127,0.13674794331177342,3,medium-high
3698,Regional Centres and Other Regional Areas,1060.5488496,9,1012.0,1012.0,1300.0,285.0,1392.0,52.0,729.0,140.0,57.0,14.0,479.0,0.0292,0.0713,1.0708,0.02878180142545205,0.7279350060456092,6.920671504248683,1.0708,0.7279350060456092,0.17088007490635063,2,low
3699,Regional Centres and Other Regional Areas,995.0236516,5,1242.0,1242.0,910.0,280.0,1017.0,102.0,634.0,119.0,119.0,7.0,596.0,0.0117,0.1609,1.1176,0.011632084229707653,0.7502833719307545,7.1252830915107115,1.1176,0.7502833719307545,0.10816653826391968,3,medium-high
3700,Regional Centres and Other Regional Areas,963.65628399,3,1403.0,1403.0,1213.0,240.0,1223.0,131.0,1010.0,170.0,99.0,29.0,634.0,0.0457,0.1297,1.0082,0.04468651762240602,0.6972387984631989,7.247080584585756,1.0082,0.6972387984631989,0.2137755832643195,3,medium-high
3701,Regional Centres and Other Regional Areas,1019.5332415,7,1101.0,1101.0,1300.0,190.0,1381.0,39.0,785.0,123.0,35.0,11.0,524.0,0.021,0.0497,1.0623,0.020782539182528505,0.7238218648278643,7.00488198971286,1.0623,0.7238218648278643,0.14491376746189438,3,medium-high
3704,Regional Centres and Other Regional Areas,1023.994037,7,26.0,26.0,1491.0,305.0,1333.0,4.0,10.0,4.0,0.0,0.0,16.0,0.0,0.4,0.894,0.0,0.6386909947638865,3.295836866004329,0.894,0.6386909947638865,0.0,1,medium-low
3705,Regional Centres and Other Regional Areas,1023.994037,7,254.0,254.0,1062.0,130.0,1281.0,7.0,141.0,28.0,4.0,4.0,133.0,0.0301,0.0496,1.2062,0.029655884907510657,0.7912715785531442,5.541263545158426,1.2062,0.7912715785531442,0.17349351572897473,3,medium-high
3707,Regional Centres and Other Regional Areas,976.75224688,4,1871.0,1871.0,897.0,200.0,1111.0,150.0,1295.0,178.0,139.0,37.0,863.0,0.0429,0.1158,1.2386,0.04200529414503013,0.80585067047303,7.534762657037537,1.2386,0.80585067047303,0.2071231517720798,3,medium-high
3708,Regional Centres and Other Regional Areas,1023.994037,7,66.0,66.0,535.0,250.0,974.0,4.0,48.0,12.0,7.0,0.0,33.0,0.0,0.0833,1.8206,0.0,1.0369496282760027,4.204692619390966,1.8206,1.0369496282760027,0.0,1,medium-low
3709,Regional Centres and Other Regional Areas,1014.4109046,6,307.0,307.0,1049.0,170.0,1187.0,14.0,183.0,22.0,17.0,0.0,138.0,0.0,0.0765,1.1316,0.0,0.7568728714404901,5.730099782973575,1.1316,0.7568728714404901,0.0,1,medium-low
3711,Regional Centres and Other Regional Areas,1023.733545,7,591.0,591.0,1733.0,348.0,1367.0,33.0,415.0,88.0,26.0,9.0,276.0,0.0326,0.0795,0.7888,0.03207989346341168,0.581545003978643,6.3835066348840055,0.7888,0.581545003978643,0.18055470085267789,2,low
3712,Regional Centres and Other Regional Areas,998.22273824,5,354.0,354.0,975.0,248.0,1067.0,18.0,232.0,41.0,29.0,5.0,165.0,0.0303,0.0776,1.0944,0.0298500219688853,0.7392671161734985,5.872117789475416,1.0944,0.7392671161734985,0.17406895185529211,3,medium-high
3713,Regional Centres and Other Regional Areas,937.58251513,2,1023.0,1023.0,1188.0,250.0,946.0,99.0,597.0,110.0,108.0,22.0,414.0,0.0531,0.1658,0.7963,0.05173819540441444,0.5857289937926529,6.931471805599453,0.7963,0.5857289937926529,0.23043437243605824,0,high
3714,Regional Centres and Other Regional Areas,991.10352393,5,3749.0,3749.0,1324.0,250.0,1155.0,362.0,2737.0,442.0,290.0,51.0,1674.0,0.0305,0.1323,0.8724,0.030044121348376668,0.6272210304437784,8.229511118964457,0.8724,0.6272210304437784,0.1746424919657298,0,high
3715,Regional Centres and Other Regional Areas,1028.0156659,7,371.0,371.0,1500.0,271.0,1187.0,18.0,283.0,53.0,12.0,6.0,185.0,0.0324,0.0636,0.7913,0.031886188862321745,0.5829416132389194,5.918893854273146,0.7913,0.5829416132389194,0.18,3,medium-high
3717,Regional Centres and Other Regional Areas,987.4859858,5,3544.0,3544.0,1500.0,300.0,1216.0,357.0,2485.0,466.0,192.0,78.0,1552.0,0.0503,0.1437,0.8107,0.04907583764659263,0.5937135108444598,8.173293438966228,0.8107,0.5937135108444598,0.22427661492005804,0,high
3718,Regional Centres and Other Regional Areas,1024.6448851,7,91.0,91.0,1733.0,351.0,1249.0,7.0,67.0,3.0,3.0,0.0,49.0,0.0,0.1045,0.7207,0.0,0.5427311847769749,4.5217885770490405,0.7207,0.5427311847769749,0.0,1,medium-low
3719,Regional Centres and Other Regional Areas,1015.3872867,6,420.0,420.0,1240.0,235.0,1268.0,31.0,324.0,48.0,10.0,5.0,214.0,0.0234,0.0957,1.0226,0.023130417388854383,0.704383812485933,6.042632833682381,1.0226,0.704383812485933,0.15297058540778355,3,medium-high
3720,Regional Centres and Other Regional Areas,1005.786513,6,666.0,666.0,1300.0,296.0,1315.0,37.0,488.0,80.0,25.0,6.0,341.0,0.0176,0.0758,1.0115,0.017446913603720648,0.6988807124077059,6.502790045915623,1.0115,0.6988807124077059,0.132664991614216,3,medium-high
3722,Regional Centres and Other Regional Areas,1024.2925926,7,5815.0,5815.0,1600.0,331.0,1360.0,509.0,4281.0,701.0,466.0,51.0,2789.0,0.0183,0.1189,0.85,0.01813457019548269,0.6151856390902335,8.668368019213355,0.85,0.6151856390902335,0.13527749258468683,2,low
3723,Regional Centres and Other Regional Areas,1035.8802851,7,3727.0,3727.0,1328.0,273.0,1293.0,186.0,2106.0,389.0,125.0,30.0,1580.0,0.019,0.0883,0.9736,0.01882175424058776,0.67985928623301,8.223627175805483,0.9736,0.67985928623301,0.13784048752090222,2,low
3725,Regional Centres and Other Regional Areas,1023.9259849,7,645.0,645.0,1421.0,200.0,1475.0,23.0,491.0,77.0,23.0,10.0,306.0,0.0327,0.0468,1.038,0.03217673169522125,0.7119689348005331,6.470799503782602,1.038,0.7119689348005331,0.18083141320025126,3,medium-high
3726,Regional Centres and Other Regional Areas,1012.0534036,6,411.0,411.0,953.0,231.0,1112.0,30.0,318.0,52.0,15.0,9.0,186.0,0.0484,0.0943,1.1668,0.04726519246711422,0.7732514248016068,6.021023349349527,1.1668,0.7732514248016068,0.22,3,medium-high
3727,Regional Centres and Other Regional Areas,978.19361188,4,303.0,303.0,1224.0,210.0,1087.0,34.0,235.0,35.0,6.0,4.0,129.0,0.031,0.1447,0.8881,0.030529205034822874,0.6355710324223495,5.717027701406222,0.8881,0.6355710324223495,0.17606816861659008,3,medium-high
3728,Regional Centres and Other Regional Areas,922.10765459,2,687.0,687.0,1021.0,150.0,1190.0,89.0,543.0,97.0,29.0,14.0,315.0,0.0444,0.1639,1.1655,0.04344255784283673,0.7726512816725443,6.5337888379333435,1.1655,0.7726512816725443,0.21071307505705478,0,high
3730,Regional Centres and Other Regional Areas,981.98376192,4,9719.0,9719.0,1443.0,290.0,1192.0,921.0,7237.0,1102.0,848.0,110.0,4048.0,0.0272,0.1273,0.8261,0.026836653953559674,0.6021825451858513,9.181940897454485,0.8261,0.6021825451858513,0.1649242250247064,0,high
3732,Regional Centres and Other Regional Areas,972.87679047,4,608.0,608.0,1300.0,200.0,1381.0,59.0,461.0,95.0,31.0,8.0,314.0,0.0255,0.128,1.0623,0.025180298530298247,0.7238218648278643,6.411818267709897,1.0623,0.7238218648278643,0.15968719422671313,3,medium-high
3733,Regional Centres and Other Regional Areas,1016.5783351,6,220.0,220.0,1083.0,200.0,1137.0,19.0,162.0,17.0,17.0,3.0,115.0,0.0261,0.1173,1.0499,0.025765207886026414,0.7177910114727053,5.3981627015177525,1.0499,0.7177910114727053,0.16155494421403513,3,medium-high
3735,Regional Centres and Other Regional Areas,1027.2690757,7,638.0,638.0,1300.0,265.0,1531.0,52.0,522.0,59.0,41.0,9.0,374.0,0.0241,0.0996,1.1777,0.023814178099254877,0.7782692739767676,6.459904454377535,1.1777,0.7782692739767676,0.15524174696260024,3,medium-high
3737,Regional Centres and Other Regional Areas,993.00857232,5,4426.0,4426.0,1400.0,250.0,1211.0,408.0,3377.0,496.0,370.0,54.0,2154.0,0.0251,0.1208,0.865,0.024790168807218786,0.6232610530957788,8.395477432732141,0.865,0.6232610530957788,0.1584297951775486,2,low
3738,Regional Centres and Other Regional Areas,985.5528287,4,197.0,197.0,1454.0,183.0,1406.0,16.0,146.0,29.0,11.0,4.0,107.0,0.0374,0.1096,0.967,0.036717582935162765,0.676509539406922,5.288267030694535,0.967,0.676509539406922,0.19339079605813717,3,medium-high
3739,Regional Centres and Other Regional Areas,985.5528287,4,239.0,239.0,1600.0,225.0,1362.0,27.0,161.0,19.0,9.0,3.0,120.0,0.025,0.1677,0.8512,0.0246926125903715,0.615834077457275,5.480638923341991,0.8512,0.615834077457275,0.15811388300841897,3,medium-high
3740,Regional Centres and Other Regional Areas,1065.7685241,9,1183.0,1183.0,1625.0,380.0,1567.0,83.0,927.0,156.0,74.0,10.0,644.0,0.0155,0.0895,0.9643,0.015381102038302324,0.6751359477580936,7.076653815443951,0.9643,0.6751359477580936,0.12449899597988733,2,low
3741,Regional Centres and Other Regional Areas,1050.1522965,8,3426.0,3426.0,1573.0,300.0,1389.0,232.0,2294.0,365.0,306.0,29.0,1660.0,0.0175,0.1011,0.883,0.017348638334613004,0.6328662496750154,8.139440521874608,0.883,0.6328662496750154,0.13228756555322954,2,low
3744,Regional Centres and Other Regional Areas,1056.3578868,8,522.0,522.0,1400.0,275.0,1615.0,30.0,403.0,71.0,21.0,4.0,230.0,0.0174,0.0744,1.1536,0.017250353406527592,0.7671408604682716,6.259581464064923,1.1536,0.7671408604682716,0.1319090595827292,2,low
3746,Regional Centres and Other Regional Areas,1017.205202,6,382.0,382.0,1300.0,225.0,1312.0,17.0,307.0,69.0,17.0,13.0,172.0,0.0756,0.0554,1.0092,0.07287864541257255,0.6977366328937527,5.948034989180646,1.0092,0.6977366328937527,0.2749545416973504,3,medium-high
3747,Regional Centres and Other Regional Areas,1029.2665422,7,5054.0,5054.0,1560.0,300.0,1436.0,452.0,3720.0,627.0,365.0,66.0,2411.0,0.0274,0.1215,0.9205,0.02703133905103043,0.6525855688038225,8.528133131454572,0.9205,0.6525855688038225,0.16552945357246848,2,low
3749,Regional Centres and Other Regional Areas,1058.0685417,9,2123.0,2123.0,1614.0,300.0,1663.0,151.0,1662.0,265.0,125.0,18.0,1025.0,0.0176,0.0909,1.0304,0.017446913603720648,0.7082328179779862,7.66105638236183,1.0304,0.7082328179779862,0.132664991614216,2,low
3750,Regional Centres and Other Regional Areas,1001.7889021,5,24407.0,24407.0,2000.0,391.0,1979.0,2198.0,21886.0,4542.0,1706.0,749.0,11998.0,0.0624,0.1004,0.9895,0.06053049974003235,0.6878833508848463,10.102666226396506,0.9895,0.6878833508848463,0.24979991993593592,2,low
3751,Regional Centres and Other Regional Areas,983.4217306,4,150.0,150.0,3500.0,390.0,1375.0,14.0,115.0,11.0,10.0,0.0,62.0,0.0,0.1217,0.3929,0.0,0.3313879047118487,5.017279836814924,0.3929,0.3313879047118487,0.0,2,low
3752,Regional Centres and Other Regional Areas,1036.4541433,7,24989.0,24989.0,1900.0,390.0,2078.0,2766.0,21990.0,4210.0,1657.0,704.0,13653.0,0.0516,0.1258,1.0937,0.050312813873589095,0.7389328357090785,10.126231023828998,1.0937,0.7389328357090785,0.22715633383201095,2,low
3753,Regional Centres and Other Regional Areas,1041.0861441,8,4642.0,4642.0,2052.0,400.0,2266.0,389.0,4122.0,906.0,242.0,105.0,2454.0,0.0428,0.0944,1.1043,0.04190940307720961,0.7439828702624407,8.443115988019922,1.1043,0.7439828702624407,0.20688160865577201,2,low
3754,Regional Centres and Other Regional Areas,1038.6365121,8,50494.0,50494.0,1962.0,390.0,2086.0,6106.0,45102.0,9251.0,3919.0,1321.0,26523.0,0.0498,0.1354,1.0632,0.04859966983606234,0.7242581755849979,10.829629600460658,1.0632,0.7242581755849979,0.22315913604421397,2,low
3755,Regional Centres and Other Regional Areas,1059.5391709,9,246.0,246.0,2550.0,388.0,1520.0,13.0,209.0,23.0,7.0,5.0,104.0,0.0481,0.0622,0.5961,0.046979001193994605,0.46756315370637563,5.5093883366279774,0.5961,0.46756315370637563,0.2193171219946131,2,low
3756,Regional Centres and Other Regional Areas,1004.8615385,6,15931.0,15931.0,1733.0,360.0,1910.0,2040.0,13731.0,2937.0,1045.0,385.0,8129.0,0.0474,0.1486,1.1021,0.04631090286325025,0.7429368450624609,9.676084944301534,1.1021,0.7429368450624609,0.2177154105707724,0,high
3757,Regional Centres and Other Regional Areas,1026.1609244,7,9735.0,9735.0,1950.0,349.0,1754.0,1091.0,7875.0,1513.0,428.0,154.0,4706.0,0.0327,0.1385,0.8995,0.03217673169522125,0.6415906936455432,9.183585634667363,0.8995,0.6415906936455432,0.18083141320025126,2,low
3758,Regional Centres and Other Regional Areas,1054.3053998,8,2281.0,2281.0,1900.0,305.0,2091.0,144.0,1925.0,405.0,45.0,32.0,1145.0,0.0279,0.0748,1.1005,0.027517886036739245,0.7421754116272997,7.732807530422021,1.1005,0.7421754116272997,0.16703293088490065,2,low
3759,Regional Centres and Other Regional Areas,1098.7549144,10,1063.0,1063.0,2167.0,350.0,2367.0,94.0,899.0,168.0,18.0,16.0,597.0,0.0268,0.1046,1.0923,0.026447170014848292,0.7382639393630684,6.96979066990159,1.0923,0.7382639393630684,0.163707055437449,2,low
3760,Regional Centres and Other Regional Areas,1136.2134725,10,356.0,356.0,2167.0,278.0,2468.0,21.0,302.0,52.0,4.0,4.0,215.0,0.0186,0.0695,1.1389,0.01842913546836719,0.7602916781892757,5.877735781779639,1.1389,0.7602916781892757,0.13638181696985854,2,low
3761,Regional Centres and Other Regional Areas,1070.5060806,9,1186.0,1186.0,2167.0,340.0,2216.0,116.0,992.0,185.0,20.0,20.0,608.0,0.0329,0.1169,1.0226,0.032370380030450716,0.704383812485933,7.079184394609668,1.0226,0.704383812485933,0.18138357147217055,2,low
3762,Regional Centres and Other Regional Areas,1076.5135296,9,117.0,117.0,1800.0,210.0,2036.0,9.0,95.0,18.0,7.0,4.0,63.0,0.0635,0.0947,1.1311,0.06156535565815483,0.7566382783411432,4.770684624465665,1.1311,0.7566382783411432,0.2519920633670831,2,low
3763,Regional Centres and Other Regional Areas,1024.5597008,7,1662.0,1662.0,1733.0,300.0,1737.0,143.0,1319.0,350.0,31.0,30.0,881.0,0.0341,0.1084,1.0023,0.033531483208792325,0.6942965198164668,7.416378479192928,1.0023,0.6942965198164668,0.18466185312619388,2,low
3764,Regional Centres and Other Regional Areas,1012.0987222,6,10578.0,10578.0,1690.0,338.0,1597.0,1183.0,8399.0,1663.0,701.0,225.0,5097.0,0.0441,0.1409,0.945,0.04315527031392761,0.6652619770704096,9.266626182986775,0.945,0.6652619770704096,0.21,2,low
3765,Regional Centres and Other Regional Areas,1068.0797435,9,6900.0,6900.0,2000.0,365.0,2088.0,535.0,5817.0,1196.0,198.0,110.0,3580.0,0.0307,0.092,1.044,0.030238183060609998,0.714908672341458,8.839421607620602,1.044,0.714908672341458,0.17521415467935234,2,low
3766,Regional Centres and Other Regional Areas,1090.8785243,10,1277.0,1277.0,1950.0,416.0,2087.0,73.0,1040.0,261.0,27.0,25.0,687.0,0.0364,0.0702,1.0703,0.03575316970581786,0.7276935243125288,7.15305163493748,1.0703,0.7276935243125288,0.19078784028338913,2,low
3767,Regional Centres and Other Regional Areas,1072.692683,9,1271.0,1271.0,2167.0,415.0,2055.0,109.0,1042.0,229.0,42.0,28.0,669.0,0.0419,0.1046,0.9483,0.04104596943600097,0.6669571974697045,7.148345743900068,0.9483,0.6669571974697045,0.2046948949045872,2,low
3770,Regional Centres and Other Regional Areas,1062.4138196,9,3306.0,3306.0,1950.0,360.0,2014.0,298.0,2796.0,536.0,128.0,43.0,1808.0,0.0238,0.1066,1.0328,0.023521195041345824,0.7094141530238173,8.103796712981794,1.0328,0.7094141530238173,0.15427248620541514,2,low
3775,Regional Centres and Other Regional Areas,1071.0145192,9,4080.0,4080.0,2015.0,380.0,1875.0,330.0,3389.0,652.0,156.0,48.0,2145.0,0.0224,0.0974,0.9305,0.022152804641133304,0.657779036722154,8.314097335405807,0.9305,0.657779036722154,0.14966629547095767,2,low
3777,Regional Centres and Other Regional Areas,1014.4633834,6,10922.0,10922.0,1733.0,350.0,1517.0,1246.0,8530.0,1743.0,614.0,176.0,5319.0,0.0331,0.1461,0.8754,0.03256399087326267,0.6288219700033877,9.298625936843543,0.8754,0.6288219700033877,0.1819340539866025,2,low
3778,Regional Centres and Other Regional Areas,1042.1677182,8,201.0,201.0,1472.0,191.0,1542.0,21.0,144.0,31.0,5.0,5.0,114.0,0.0439,0.1458,1.0476,0.04296369943211568,0.7166683756012912,5.308267697401205,1.0476,0.7166683756012912,0.20952326839756963,3,medium-high
3779,Regional Centres and Other Regional Areas,992.26430436,5,501.0,501.0,1272.0,300.0,1078.0,24.0,363.0,43.0,50.0,12.0,206.0,0.0583,0.0661,0.8475,0.056663847117541744,0.6138333738402197,6.218600119691729,0.8475,0.6138333738402197,0.24145392935299273,3,medium-high
3781,Regional Centres and Other Regional Areas,1041.2318795,8,4638.0,4638.0,1755.0,370.0,1993.0,465.0,3798.0,969.0,115.0,83.0,2404.0,0.0345,0.1224,1.1356,0.03391821820346067,0.7587476376438941,8.442254104751743,1.1356,0.7587476376438941,0.1857417562100671,2,low
3782,Regional Centres and Other Regional Areas,1067.7164815,9,7974.0,7974.0,2000.0,383.0,2133.0,624.0,6845.0,1414.0,207.0,137.0,4283.0,0.032,0.0912,1.0665,0.03149866705937099,0.72585635496965,8.984066927653044,1.0665,0.72585635496965,0.17888543819998318,2,low
3783,Regional Centres and Other Regional Areas,1047.0240525,8,2559.0,2559.0,1907.0,360.0,2002.0,209.0,2043.0,420.0,96.0,38.0,1290.0,0.0295,0.1023,1.0498,0.029073247485707086,0.7177422274153256,7.847762537473608,1.0498,0.7177422274153256,0.17175564037317667,2,low
3785,Regional Centres and Other Regional Areas,1081.4700545,10,69.0,69.0,2167.0,401.0,2187.0,10.0,57.0,11.0,0.0,3.0,35.0,0.0857,0.1754,1.0092,0.08222494025566938,0.6977366328937527,4.248495242049359,1.0092,0.6977366328937527,0.29274562336608895,2,low
3786,Regional Centres and Other Regional Areas,1090.939392,10,1524.0,1524.0,2167.0,400.0,2393.0,87.0,1292.0,294.0,30.0,30.0,849.0,0.0353,0.0673,1.1043,0.03469123978993036,0.7439828702624407,7.329749689041512,1.1043,0.7439828702624407,0.18788294228055935,2,low
3787,Regional Centres and Other Regional Areas,1071.4079282,9,961.0,961.0,2032.0,410.0,2153.0,109.0,834.0,169.0,34.0,19.0,542.0,0.0351,0.1307,1.0595,0.03449804040756744,0.7224632348939984,6.8690144506657065,1.0595,0.7224632348939984,0.18734993995195195,2,low
3788,Regional Centres and Other Regional Areas,1063.8546983,9,1773.0,1773.0,2000.0,398.0,1995.0,159.0,1408.0,306.0,77.0,36.0,929.0,0.0388,0.1129,0.9975,0.03806620080645633,0.6918963986582927,7.480992162869525,0.9975,0.6918963986582927,0.19697715603592209,2,low
3789,Regional Centres and Other Regional Areas,1079.0843696,10,294.0,294.0,2500.0,355.0,2408.0,22.0,240.0,47.0,9.0,7.0,140.0,0.05,0.0917,0.9632,0.04879016416943201,0.6745757949745099,5.68697535633982,0.9632,0.6745757949745099,0.22360679774997896,2,low
3791,Regional Centres and Other Regional Areas,1082.2037413,10,1418.0,1418.0,2028.0,347.0,2003.0,110.0,1191.0,270.0,49.0,32.0,779.0,0.0411,0.0924,0.9877,0.04027784649857016,0.6869781914144163,7.257707677160043,0.9877,0.6869781914144163,0.2027313493271329,2,low
3792,Regional Centres and Other Regional Areas,1077.3655982,9,1046.0,1046.0,2085.0,415.0,2092.0,82.0,916.0,193.0,25.0,19.0,562.0,0.0338,0.0895,1.0034,0.03324133377980188,0.6948457371955268,6.953684210870537,1.0034,0.6948457371955268,0.18384776310850234,2,low
3793,Regional Centres and Other Regional Areas,1041.3542927,8,3651.0,3651.0,1915.0,369.0,1722.0,408.0,3053.0,582.0,186.0,60.0,1824.0,0.0329,0.1336,0.8992,0.032370380030450716,0.6414327448732665,8.20303024171486,0.8992,0.6414327448732665,0.18138357147217055,2,low
3795,Regional Centres and Other Regional Areas,1061.6475354,9,1323.0,1323.0,2167.0,350.0,2158.0,77.0,1136.0,166.0,42.0,18.0,714.0,0.0252,0.0678,0.9958,0.024887715507778994,0.6910449724680751,7.188412736496954,0.9958,0.6910449724680751,0.15874507866387544,2,low
3796,Regional Centres and Other Regional Areas,1050.9871159,8,9799.0,9799.0,2000.0,365.0,2045.0,873.0,8524.0,1874.0,308.0,180.0,5471.0,0.0329,0.1024,1.0225,0.032370380030450716,0.7043343699505097,9.190137664658664,1.0225,0.7043343699505097,0.18138357147217055,2,low
3797,Regional Centres and Other Regional Areas,989.48761111,5,3764.0,3764.0,1797.0,300.0,1335.0,401.0,2810.0,568.0,212.0,64.0,1715.0,0.0373,0.1427,0.7429,0.0366211834556453,0.5555503925454989,8.233503140233994,0.7429,0.5555503925454989,0.19313207915827965,2,low
3799,Regional Centres and Other Regional Areas,959.83592476,3,5951.0,5951.0,1412.0,300.0,1226.0,838.0,4172.0,1041.0,302.0,136.0,2619.0,0.0519,0.2009,0.8683,0.05059805276309138,0.6250289264836547,8.691482576512929,0.8683,0.6250289264836547,0.22781571499789036,0,high
3809,Regional Centres and Other Regional Areas,1058.0358336,9,19662.0,19662.0,2000.0,396.0,2123.0,2154.0,17191.0,3769.0,1748.0,468.0,10991.0,0.0426,0.1253,1.0615,0.0417175933518685,0.7234338731648177,9.886493976159556,1.0615,0.7234338731648177,0.20639767440550294,2,low
3810,Regional Centres and Other Regional Areas,985.59060406,4,55588.0,55588.0,1733.0,351.0,1677.0,7818.0,46182.0,8749.0,5711.0,1441.0,27624.0,0.0522,0.1693,0.9677,0.050883210314569806,0.6768653479856624,10.925740618938798,0.9677,0.6768653479856624,0.22847319317591724,0,high
3812,Regional Centres and Other Regional Areas,1048.6947099,8,2488.0,2488.0,2079.0,305.0,2014.0,197.0,2038.0,359.0,109.0,43.0,1334.0,0.0322,0.0967,0.9687,0.03169244673248972,0.6773734264439045,7.819636302367592,0.9687,0.6773734264439045,0.17944358444926362,2,low
3813,Regional Centres and Other Regional Areas,1046.36306,8,963.0,963.0,1965.0,293.0,2111.0,103.0,772.0,138.0,44.0,18.0,515.0,0.035,0.1334,1.0743,0.0344014267173324,0.7296237473699627,6.871091294610546,1.0743,0.7296237473699627,0.18708286933869708,2,low
3814,Regional Centres and Other Regional Areas,1038.0718231,8,2604.0,2604.0,1853.0,330.0,1681.0,171.0,2164.0,407.0,97.0,51.0,1318.0,0.0387,0.079,0.9072,0.03796993125162867,0.6456361978888936,7.865187954187467,0.9072,0.6456361978888936,0.19672315572906002,2,low
3815,Regional Centres and Other Regional Areas,1050.9136531,8,3693.0,3693.0,1971.0,311.0,1928.0,274.0,3076.0,604.0,130.0,44.0,1819.0,0.0242,0.0891,0.9782,0.023911820046312877,0.6821873403236033,8.214465160759186,0.9782,0.6821873403236033,0.15556349186104046,2,low
3816,Regional Centres and Other Regional Areas,971.96426132,4,3227.0,3227.0,1517.0,330.0,1491.0,409.0,2510.0,531.0,220.0,64.0,1528.0,0.0419,0.1629,0.9829,0.04104596943600097,0.6845604196226226,8.07961802938984,0.9829,0.6845604196226226,0.2046948949045872,0,high
3818,Regional Centres and Other Regional Areas,995.98370945,5,17313.0,17313.0,1649.0,330.0,1456.0,1970.0,13925.0,2573.0,1296.0,314.0,8096.0,0.0388,0.1415,0.883,0.03806620080645633,0.6328662496750154,9.75927070177572,0.883,0.6328662496750154,0.19697715603592209,0,high
3820,Regional Centres and Other Regional Areas,1004.0196655,6,20054.0,20054.0,1625.0,321.0,1566.0,2243.0,15637.0,2821.0,1694.0,391.0,9732.0,0.0402,0.1434,0.9637,0.03941300235683504,0.6748304487740475,9.906233778204154,0.9637,0.6748304487740475,0.20049937655763422,0,high
3821,Regional Centres and Other Regional Areas,1065.2719253,9,3142.0,3142.0,1733.0,280.0,1834.0,197.0,2561.0,417.0,83.0,42.0,1695.0,0.0248,0.0769,1.0583,0.024497471600387438,0.7218803993828178,8.052933036797567,1.0583,0.7218803993828178,0.15748015748023622,2,low
3822,Regional Centres and Other Regional Areas,1026.9374816,7,1001.0,1001.0,1517.0,300.0,1790.0,81.0,844.0,151.0,27.0,17.0,531.0,0.032,0.096,1.18,0.03149866705937099,0.7793248768009976,6.90975328164481,1.18,0.7793248768009976,0.17888543819998318,2,low
3823,Regional Centres and Other Regional Areas,1018.6565077,6,2117.0,2117.0,1517.0,320.0,1375.0,204.0,1705.0,322.0,114.0,30.0,1022.0,0.0294,0.1196,0.9064,0.028976108236517098,0.6452166468023953,7.658227526161352,0.9064,0.6452166468023953,0.17146428199482247,2,low
3824,Regional Centres and Other Regional Areas,998.96163953,5,5438.0,5438.0,1500.0,300.0,1482.0,648.0,4276.0,758.0,376.0,88.0,2572.0,0.0342,0.1515,0.988,0.03362818097998405,0.6871291082343823,8.60135049942296,0.988,0.6871291082343823,0.1849324200890693,0,high
3825,Regional Centres and Other Regional Areas,894.3144583,1,21078.0,21078.0,1083.0,215.0,1073.0,3051.0,14954.0,2685.0,2290.0,695.0,8889.0,0.0782,0.204,0.9908,0.0752929840354313,0.688536568002262,9.956032563199894,0.9908,0.688536568002262,0.2796426290821913,0,high
3831,Regional Centres and Other Regional Areas,1013.7603711,6,2012.0,2012.0,1610.0,250.0,1391.0,153.0,1556.0,278.0,78.0,39.0,919.0,0.0424,0.0983,0.864,0.04152574682849831,0.6227247162633994,7.607381425639791,0.864,0.6227247162633994,0.20591260281974,2,low
3832,Regional Centres and Other Regional Areas,1007.9520047,6,245.0,245.0,1334.0,250.0,1208.0,32.0,192.0,38.0,9.0,4.0,126.0,0.0317,0.1667,0.9055,0.031207927124193163,0.6447444413317779,5.5053315359323625,0.9055,0.6447444413317779,0.17804493814764855,3,medium-high
3833,Regional Centres and Other Regional Areas,976.27048392,4,340.0,340.0,1083.0,250.0,954.0,15.0,200.0,37.0,10.0,12.0,144.0,0.0833,0.075,0.8809,0.0800119379693847,0.6317503856946218,5.831882477283517,0.8809,0.6317503856946218,0.28861739379323625,3,medium-high
3835,Regional Centres and Other Regional Areas,983.61258913,4,475.0,475.0,1300.0,250.0,1220.0,63.0,392.0,63.0,18.0,4.0,234.0,0.0171,0.1607,0.9385,0.016955440649413473,0.6619144781288467,6.16541785423142,0.9385,0.6619144781288467,0.1307669683062202,3,medium-high
3840,Regional Centres and Other Regional Areas,861.13290468,1,17225.0,17225.0,1083.0,215.0,1038.0,2630.0,12107.0,1897.0,1998.0,627.0,6696.0,0.0936,0.2172,0.9584,0.08947500642760275,0.6721278133358699,9.75417514934912,0.9584,0.6721278133358699,0.3059411708155671,0,high
3842,Regional Centres and Other Regional Areas,888.79863721,1,4924.0,4924.0,997.0,230.0,1109.0,855.0,3655.0,585.0,568.0,163.0,1983.0,0.0822,0.2339,1.1123,0.07899600622649784,0.7477774012110602,8.502079553606189,1.1123,0.7477774012110602,0.286705423736629,0,high
3844,Regional Centres and Other Regional Areas,989.32865251,5,31179.0,31179.0,1324.0,277.0,1551.0,3832.0,23640.0,4606.0,2843.0,737.0,15334.0,0.0481,0.1621,1.1715,0.046979001193994605,0.7754181729927395,10.347532142611767,1.1715,0.7754181729927395,0.2193171219946131,0,high
3847,Regional Centres and Other Regional Areas,956.24370194,3,2278.0,2278.0,1235.0,250.0,1302.0,228.0,1694.0,335.0,125.0,65.0,1026.0,0.0634,0.1346,1.0543,0.061471322088101056,0.7199351573163284,7.731492029245684,1.0543,0.7199351573163284,0.25179356624028343,0,high
3850,Regional Centres and Other Regional Areas,970.71447195,4,15472.0,15472.0,1300.0,280.0,1339.0,1982.0,11385.0,1860.0,1982.0,351.0,7009.0,0.0501,0.1741,1.03,0.04888539772981063,0.708035793053696,9.646851848489673,1.03,0.708035793053696,0.2238302928559939,0,high
3851,Regional Centres and Other Regional Areas,986.77376877,5,6231.0,6231.0,1300.0,205.0,1120.0,371.0,4022.0,717.0,178.0,118.0,2388.0,0.0494,0.0922,0.8615,0.04821857227047433,0.6213826143306346,8.737452587550584,0.8615,0.6213826143306346,0.22226110770892868,3,medium-high
3854,Regional Centres and Other Regional Areas,1036.1736019,7,1478.0,1478.0,1517.0,260.0,1967.0,95.0,1261.0,219.0,44.0,25.0,789.0,0.0317,0.0753,1.2966,0.031207927124193163,0.8314297683599519,7.2991214627108,1.2966,0.8314297683599519,0.17804493814764855,2,low
3856,Regional Centres and Other Regional Areas,1027.025179,7,1085.0,1085.0,1400.0,270.0,1732.0,96.0,882.0,198.0,13.0,20.0,524.0,0.0382,0.1088,1.2371,0.0374884444109916,0.8051803842357218,6.990256500493881,1.2371,0.8051803842357218,0.19544820285692063,3,medium-high
3857,Regional Centres and Other Regional Areas,1026.485328,7,389.0,389.0,1262.0,215.0,1571.0,36.0,305.0,43.0,11.0,14.0,192.0,0.0729,0.118,1.2448,0.07036526266056349,0.8086164303660595,5.966146739123692,1.2448,0.8086164303660595,0.27,3,medium-high
3858,Regional Centres and Other Regional Areas,958.61145487,3,3125.0,3125.0,1127.0,216.0,1193.0,284.0,2258.0,386.0,188.0,40.0,1327.0,0.0301,0.1258,1.0586,0.029655884907510657,0.722026140110322,8.047509510981422,1.0586,0.722026140110322,0.17349351572897473,0,high
3859,Regional Centres and Other Regional Areas,997.44477656,5,945.0,945.0,1394.0,250.0,1579.0,62.0,710.0,111.0,60.0,5.0,467.0,0.0107,0.0873,1.1327,0.010643160098479827,0.7573887826214101,6.852242569051878,1.1327,0.7573887826214101,0.10344080432788601,3,medium-high
3860,Regional Centres and Other Regional Areas,974.44101932,4,7455.0,7455.0,1300.0,250.0,1311.0,776.0,5630.0,1059.0,548.0,146.0,3371.0,0.0433,0.1378,1.0085,0.04238876649178663,0.6973881748171998,8.916774356365426,1.0085,0.6973881748171998,0.2080865204668481,0,high
3862,Regional Centres and Other Regional Areas,1004.7428317,6,3547.0,3547.0,1300.0,280.0,1388.0,290.0,2823.0,566.0,158.0,70.0,1690.0,0.0414,0.1027,1.0677,0.04056596174666165,0.7264368784245873,8.17413934342947,1.0677,0.7264368784245873,0.20346989949375804,3,medium-high
3864,Regional Centres and Other Regional Areas,939.65677004,2,241.0,241.0,1218.0,190.0,1274.0,22.0,188.0,35.0,4.0,13.0,121.0,0.1074,0.117,1.046,0.10201492540672975,0.7158866675294348,5.488937726156687,1.046,0.7158866675294348,0.3277193921634788,3,medium-high
3865,Regional Centres and Other Regional Areas,971.1696712,4,527.0,527.0,1149.0,260.0,1292.0,36.0,374.0,76.0,26.0,7.0,261.0,0.0268,0.0963,1.1245,0.026447170014848292,0.7535364805727293,6.269096283706261,1.1245,0.7535364805727293,0.163707055437449,3,medium-high
3869,Regional Centres and Other Regional Areas,1028.7427134,7,1738.0,1738.0,1419.0,250.0,1676.0,153.0,1434.0,287.0,78.0,35.0,908.0,0.0385,0.1067,1.1811,0.03777736433402994,0.7798293366956698,7.461065514354283,1.1811,0.7798293366956698,0.19621416870348585,2,low
3870,Regional Centres and Other Regional Areas,991.47544955,5,1319.0,1319.0,1100.0,213.0,1219.0,105.0,964.0,202.0,49.0,39.0,600.0,0.065,0.1089,1.1082,0.06297479916138844,0.7458345028389518,7.1853870155804165,1.1082,0.7458345028389518,0.25495097567963926,3,medium-high
3871,Regional Centres and Other Regional Areas,997.33778057,5,3039.0,3039.0,1387.0,258.0,1272.0,299.0,2269.0,429.0,136.0,59.0,1367.0,0.0432,0.1318,0.9171,0.042292912190251455,0.6508136275438667,8.019612794400267,0.9171,0.6508136275438667,0.20784609690826528,0,high
3873,Regional Centres and Other Regional Areas,989.1267012,5,324.0,324.0,1300.0,113.0,1485.0,26.0,252.0,45.0,10.0,6.0,144.0,0.0417,0.1032,1.1423,0.04085399400826605,0.761880018241037,5.783825182329737,1.1423,0.761880018241037,0.20420577856662137,3,medium-high
3874,Regional Centres and Other Regional Areas,954.33672937,3,610.0,610.0,1000.0,230.0,1062.0,46.0,426.0,72.0,28.0,12.0,263.0,0.0456,0.108,1.062,0.04459088332787514,0.7236763855947682,6.415096959171596,1.062,0.7236763855947682,0.21354156504062624,3,medium-high
3875,Regional Centres and Other Regional Areas,965.3573725,3,20015.0,20015.0,1300.0,280.0,1239.0,2321.0,14984.0,2371.0,1795.0,357.0,8840.0,0.0404,0.1549,0.9531,0.039605254592359425,0.6694178538607085,9.904287232706693,0.9531,0.6694178538607085,0.2009975124224178,0,high
3878,Regional Centres and Other Regional Areas,991.74526429,5,1306.0,1306.0,1456.0,310.0,1209.0,113.0,992.0,164.0,60.0,18.0,530.0,0.034,0.1139,0.8304,0.03343477608623739,0.6045345222033417,7.175489713624222,0.8304,0.6045345222033417,0.18439088914585774,3,medium-high
3880,Regional Centres and Other Regional Areas,985.20956324,4,4235.0,4235.0,1200.0,309.0,973.0,349.0,2999.0,376.0,376.0,69.0,1420.0,0.0486,0.1164,0.8108,0.04745594115629535,0.5937687365796664,8.351374706721296,0.8108,0.5937687365796664,0.220454076850486,0,high
3882,Regional Centres and Other Regional Areas,998.88800281,5,1322.0,1322.0,1733.0,300.0,1390.0,108.0,1080.0,194.0,37.0,26.0,629.0,0.0413,0.1,0.8021,0.04046993255371322,0.5889526515420884,7.187657164114956,0.8021,0.5889526515420884,0.20322401432901577,2,low
3885,Regional Centres and Other Regional Areas,979.31923026,4,1876.0,1876.0,1300.0,230.0,1241.0,187.0,1412.0,274.0,86.0,35.0,926.0,0.0378,0.1324,0.9546,0.03710308795150221,0.6701855689225983,7.537430036586509,0.9546,0.6701855689225983,0.1944222209522358,3,medium-high
3886,Regional Centres and Other Regional Areas,967.10384975,3,415.0,415.0,1200.0,150.0,1132.0,38.0,309.0,43.0,19.0,10.0,174.0,0.0575,0.123,0.9433,0.05590763193829598,0.6643875588885207,6.030685260261263,0.9433,0.6643875588885207,0.23979157616563598,3,medium-high
3887,Regional Centres and Other Regional Areas,947.26365487,3,268.0,268.0,850.0,205.0,939.0,14.0,152.0,34.0,10.0,4.0,111.0,0.036,0.0921,1.1047,0.035367143837291316,0.7441729391629891,5.594711379601839,1.1047,0.7441729391629891,0.18973665961010275,3,medium-high
3888,Regional Centres and Other Regional Areas,923.44981544,2,3502.0,3502.0,1000.0,200.0,892.0,320.0,2318.0,312.0,279.0,72.0,1386.0,0.0519,0.1381,0.892,0.05059805276309138,0.6376344706296866,8.161375023197486,0.892,0.6376344706296866,0.22781571499789036,0,high
3889,Regional Centres and Other Regional Areas,934.21392607,2,171.0,171.0,1083.0,235.0,719.0,7.0,106.0,23.0,3.0,8.0,54.0,0.1481,0.066,0.6639,0.13810840211762923,0.5091642444393245,5.147494476813453,0.6639,0.5091642444393245,0.38483762809787714,3,medium-high
3890,Regional Centres and Other Regional Areas,866.8230149,1,335.0,335.0,705.0,122.0,806.0,34.0,199.0,19.0,36.0,16.0,122.0,0.1311,0.1709,1.1433,0.12319061055519832,0.7623466973609497,5.817111159963204,1.1433,0.7623466973609497,0.36207733980463347,0,high
3891,Regional Centres and Other Regional Areas,1019.2390046,6,121.0,121.0,1084.0,90.0,756.0,3.0,67.0,11.0,0.0,4.0,47.0,0.0851,0.0448,0.6974,0.0816721486440249,0.5290976685534394,4.804021044733257,0.6974,0.5290976685534394,0.2917190429162964,3,medium-high
3892,Regional Centres and Other Regional Areas,987.69012802,5,1183.0,1183.0,1148.0,221.0,1031.0,72.0,747.0,95.0,80.0,13.0,481.0,0.027,0.0964,0.8981,0.02664193094642118,0.6408533858388112,7.076653815443951,0.8981,0.6408533858388112,0.16431676725154984,3,medium-high
3893,Regional Centres and Other Regional Areas,984.23230014,4,25.0,25.0,1084.0,0.0,1875.0,0.0,23.0,0.0,0.0,0.0,18.0,0.0,0.0,1.7297,0.0,1.0041917130486178,3.258096538021482,1.7297,1.0041917130486178,0.0,1,medium-low
3895,Regional Centres and Other Regional Areas,985.11821087,4,198.0,198.0,765.0,150.0,985.0,22.0,136.0,21.0,6.0,0.0,100.0,0.0,0.1618,1.2876,0.0,0.8275032330590241,5.293304824724492,1.2876,0.8275032330590241,0.0,1,medium-low
3896,Regional Centres and Other Regional Areas,994.64725319,5,351.0,351.0,1029.0,120.0,1353.0,36.0,248.0,35.0,17.0,4.0,173.0,0.0231,0.1452,1.3149,0.022837233902757225,0.8393664900609233,5.863631175598097,1.3149,0.8393664900609233,0.15198684153570663,3,medium-high
3898,Regional Centres and Other Regional Areas,1009.1689271,6,705.0,705.0,1196.0,231.0,1202.0,46.0,392.0,68.0,31.0,9.0,349.0,0.0258,0.1173,1.005,0.025472795973031023,0.6956440607585325,6.559615237493242,1.005,0.6956440607585325,0.1606237840420901,3,medium-high
3900,Regional Centres and Other Regional Areas,967.482991,4,173.0,173.0,1142.0,150.0,1017.0,15.0,97.0,13.0,8.0,3.0,77.0,0.039,0.1546,0.8905,0.03825871211709034,0.6368413443488504,5.159055299214529,0.8905,0.6368413443488504,0.19748417658131498,3,medium-high
3902,Regional Centres and Other Regional Areas,987.72882271,5,423.0,423.0,1320.0,300.0,1077.0,19.0,312.0,50.0,8.0,8.0,166.0,0.0482,0.0609,0.8159,0.04707440738592883,0.5965812125836142,6.049733455231958,0.8159,0.5965812125836142,0.21954498400100148,3,medium-high
3903,Regional Centres and Other Regional Areas,960.6412635,3,861.0,861.0,1300.0,210.0,1074.0,65.0,683.0,114.0,39.0,15.0,328.0,0.0457,0.0952,0.8262,0.04468651762240602,0.6022373052001027,6.759255270663693,0.8262,0.6022373052001027,0.2137755832643195,3,medium-high
3904,Regional Centres and Other Regional Areas,1029.074114,7,1899.0,1899.0,1300.0,346.0,1219.0,140.0,1446.0,206.0,120.0,13.0,771.0,0.0169,0.0968,0.9377,0.016758783814954704,0.6615017027243997,7.549609165154532,0.9377,0.6615017027243997,0.13,2,low
3909,Regional Centres and Other Regional Areas,932.01695647,2,8713.0,8713.0,1300.0,260.0,964.0,979.0,5981.0,836.0,820.0,166.0,3104.0,0.0535,0.1637,0.7415,0.05211795426210667,0.5547468108239189,9.072686206677387,0.7415,0.5547468108239189,0.23130067012440755,0,high
3912,Regional Centres and Other Regional Areas,1042.0551903,8,15633.0,15633.0,1896.0,381.0,1837.0,1657.0,13096.0,2701.0,821.0,216.0,8313.0,0.026,0.1265,0.9689,0.02566774674857779,0.6774750111656497,9.657203308780275,0.9689,0.6774750111656497,0.161245154965971,2,low
3913,Regional Centres and Other Regional Areas,1033.0871061,7,3449.0,3449.0,1824.0,383.0,1858.0,422.0,2883.0,595.0,162.0,84.0,1921.0,0.0437,0.1464,1.0186,0.04277209184386899,0.7024042018226221,8.146129510025405,1.0186,0.7024042018226221,0.20904544960366872,2,low
3915,Regional Centres and Other Regional Areas,944.03727262,2,10723.0,10723.0,1700.0,320.0,1211.0,1735.0,7902.0,1406.0,1304.0,202.0,4523.0,0.0447,0.2196,0.7124,0.04372976286132523,0.537895895288654,9.28023949935585,0.7124,0.537895895288654,0.21142374511865974,0,high
3916,Regional Centres and Other Regional Areas,1115.8255328,10,1036.0,1036.0,2167.0,418.0,2109.0,45.0,760.0,90.0,47.0,13.0,476.0,0.0273,0.0592,0.9732,0.026934001240080944,0.6796565903774461,6.9440872082295275,0.9732,0.6796565903774461,0.16522711641858306,2,low
3918,Regional Centres and Other Regional Areas,1038.3837919,8,4276.0,4276.0,1842.0,366.0,1615.0,396.0,3542.0,676.0,196.0,70.0,2105.0,0.0333,0.1118,0.8768,0.03275756423817219,0.6295681989170739,8.361007108226909,0.8768,0.6295681989170739,0.1824828759089466,2,low
3919,Regional Centres and Other Regional Areas,992.57460811,5,3343.0,3343.0,1603.0,340.0,1447.0,483.0,2651.0,628.0,234.0,74.0,1696.0,0.0436,0.1822,0.9027,0.04267627428043631,0.643273930064218,8.114922974204593,0.9027,0.643273930064218,0.208806130178211,0,high
3920,Regional Centres and Other Regional Areas,1166.3710154,10,1124.0,1124.0,1300.0,260.0,2323.0,17.0,280.0,0.0,100.0,9.0,948.0,0.0095,0.0607,1.05,0.009455158770755135,0.7178397931503169,7.025538314638521,1.05,0.7178397931503169,0.09746794344808964,2,low
3921,Regional Centres and Other Regional Areas,997.44199078,5,139.0,139.0,1800.0,346.0,1014.0,9.0,90.0,9.0,0.0,3.0,58.0,0.0517,0.1,0.5633,0.050407902543845695,0.44679897160114157,4.941642422609304,0.5633,0.44679897160114157,0.22737634001804147,3,medium-high
3922,Regional Centres and Other Regional Areas,990.10502648,5,10118.0,10118.0,1517.0,330.0,1104.0,1036.0,7047.0,1079.0,971.0,158.0,4062.0,0.0389,0.147,0.7278,0.03816246109434891,0.5468489229426468,9.222170123729759,0.7278,0.5468489229426468,0.19723082923316018,0,high
3923,Regional Centres and Other Regional Areas,1063.0124791,9,836.0,836.0,1606.0,320.0,1254.0,47.0,570.0,85.0,39.0,4.0,338.0,0.0118,0.0825,0.7808,0.011730922875698666,0.5770627015391434,6.729824070489475,0.7808,0.5770627015391434,0.10862780491200216,2,low
3925,Regional Centres and Other Regional Areas,1039.2094371,8,4550.0,4550.0,1517.0,330.0,1398.0,368.0,3258.0,554.0,361.0,51.0,2043.0,0.025,0.113,0.9216,0.0246926125903715,0.653158172343582,8.423102268016642,0.9216,0.653158172343582,0.15811388300841897,2,low
3926,Regional Centres and Other Regional Areas,1090.6495836,10,3421.0,3421.0,2167.0,456.0,1871.0,264.0,2742.0,421.0,127.0,42.0,1620.0,0.0259,0.0963,0.8634,0.02557027611153001,0.6224027760341875,8.137980454452139,0.8634,0.6224027760341875,0.1609347693943108,2,low
3927,Regional Centres and Other Regional Areas,1093.7546322,10,1857.0,1857.0,2167.0,391.0,1906.0,127.0,1424.0,187.0,80.0,13.0,846.0,0.0154,0.0892,0.8796,0.015282623531156904,0.6310589882465236,7.527255919373784,0.8796,0.6310589882465236,0.12409673645990857,2,low
3928,Regional Centres and Other Regional Areas,1095.8572033,10,453.0,453.0,2550.0,354.0,2166.0,26.0,339.0,51.0,19.0,3.0,229.0,0.0131,0.0767,0.8494,0.013014937077494654,0.6148612621614012,6.118097198041348,0.8494,0.6148612621614012,0.11445523142259598,2,low
3929,Regional Centres and Other Regional Areas,1106.2737402,10,1130.0,1130.0,2500.0,451.0,2104.0,49.0,747.0,88.0,50.0,11.0,451.0,0.0244,0.0656,0.8416,0.024107075343233128,0.6106347589854811,7.030857476116121,0.8416,0.6106347589854811,0.1562049935181331,2,low
3930,Regional Centres and Other Regional Areas,1103.5538149,10,18734.0,18734.0,2600.0,512.0,2547.0,1247.0,16135.0,2780.0,526.0,305.0,9244.0,0.033,0.0773,0.9796,0.032467190137501496,0.682894804095594,9.838148711227788,0.9796,0.682894804095594,0.1816590212458495,2,low
3931,Regional Centres and Other Regional Areas,1029.245235,7,25759.0,25759.0,2000.0,400.0,1451.0,2864.0,19453.0,3356.0,2227.0,439.0,11614.0,0.0378,0.1472,0.7255,0.03710308795150221,0.5455168635559211,10.15657818021829,0.7255,0.5455168635559211,0.1944222209522358,2,low
3933,Regional Centres and Other Regional Areas,1079.1378627,10,1004.0,1004.0,3033.0,351.0,2256.0,79.0,851.0,122.0,38.0,21.0,589.0,0.0357,0.0928,0.7438,0.03507752661269611,0.5560666400115776,6.912742820493176,0.7438,0.5560666400115776,0.18894443627691185,2,low
3934,Regional Centres and Other Regional Areas,1078.6906058,10,19846.0,19846.0,2167.0,496.0,2097.0,1635.0,16566.0,2945.0,848.0,271.0,9695.0,0.028,0.0987,0.9677,0.027615167032973367,0.6768653479856624,9.895808141192258,0.9677,0.6768653479856624,0.1673320053068151,2,low
3936,Regional Centres and Other Regional Areas,1025.8828047,7,13366.0,13366.0,1950.0,405.0,1398.0,1404.0,9984.0,1543.0,1276.0,206.0,6042.0,0.0341,0.1406,0.7169,0.033531483208792325,0.5405203391010293,9.500544261971474,0.7169,0.5405203391010293,0.18466185312619388,2,low
3937,Regional Centres and Other Regional Areas,1081.5397003,10,1717.0,1717.0,2167.0,473.0,2313.0,105.0,1335.0,183.0,71.0,20.0,848.0,0.0236,0.0787,1.0674,0.02332582530349669,0.7262917791522473,7.4489161025442,1.0674,0.7262917791522473,0.15362291495737215,2,low
3938,Regional Centres and Other Regional Areas,1047.5680673,8,3311.0,3311.0,2000.0,392.0,1433.0,309.0,2525.0,384.0,202.0,58.0,1497.0,0.0387,0.1224,0.7165,0.03796993125162867,0.5402873339156097,8.10530751550515,0.7165,0.5402873339156097,0.19672315572906002,2,low
3939,Regional Centres and Other Regional Areas,990.49254656,5,15900.0,15900.0,1800.0,350.0,1228.0,2000.0,11611.0,1900.0,1596.0,243.0,6750.0,0.036,0.1723,0.6822,0.035367143837291316,0.5201024605461999,9.674137279312397,0.6822,0.5201024605461999,0.18973665961010275,0,high
3940,Regional Centres and Other Regional Areas,941.75076802,2,5246.0,5246.0,1603.0,350.0,950.0,718.0,3298.0,461.0,636.0,82.0,1712.0,0.0479,0.2177,0.5926,0.046788161498758925,0.46536790084120744,8.565411763686711,0.5926,0.46536790084120744,0.21886068628239289,0,high
3941,Regional Centres and Other Regional Areas,1017.379447,6,13591.0,13591.0,1800.0,369.0,1351.0,1429.0,9834.0,1673.0,1175.0,207.0,5938.0,0.0349,0.1453,0.7506,0.0343048036919903,0.5599585863162007,9.517236663351769,0.7506,0.5599585863162007,0.18681541692269404,2,low
3942,Regional Centres and Other Regional Areas,1075.2763334,9,2786.0,2786.0,2000.0,400.0,1490.0,162.0,1972.0,280.0,153.0,26.0,1116.0,0.0233,0.0822,0.745,0.023032699110572687,0.5567545556543905,7.932721027481948,0.745,0.5567545556543905,0.15264337522473748,2,low
3943,Regional Centres and Other Regional Areas,1101.0408879,10,2013.0,2013.0,2167.0,462.0,1658.0,88.0,1355.0,166.0,108.0,23.0,759.0,0.0303,0.0649,0.7651,0.0298500219688853,0.5682073460040963,7.607878073278507,0.7651,0.5682073460040963,0.17406895185529211,2,low
3944,Regional Centres and Other Regional Areas,1117.9519249,10,787.0,787.0,2806.0,577.0,2470.0,16.0,469.0,61.0,22.0,7.0,309.0,0.0227,0.0341,0.8803,0.022446188829830054,0.6314313385792918,6.669498089857879,0.8803,0.6314313385792918,0.15066519173319365,2,low
3945,Regional Centres and Other Regional Areas,1042.4315227,8,1092.0,1092.0,1634.0,300.0,1582.0,63.0,855.0,166.0,41.0,19.0,551.0,0.0345,0.0737,0.9682,0.03391821820346067,0.677119419482748,6.996681488176539,0.9682,0.677119419482748,0.1857417562100671,2,low
3946,Regional Centres and Other Regional Areas,1050.1451779,8,303.0,303.0,1733.0,285.0,1687.0,18.0,241.0,46.0,17.0,6.0,158.0,0.038,0.0747,0.9735,0.037295784743696894,0.6798086161207648,5.717027701406222,0.9735,0.6798086161207648,0.19493588689617927,2,low
3950,Regional Centres and Other Regional Areas,972.73725818,4,5133.0,5133.0,1338.0,270.0,1207.0,581.0,3898.0,732.0,377.0,86.0,2319.0,0.0371,0.1491,0.9021,0.03642835661355149,0.6429585389766583,8.543640361431086,0.9021,0.6429585389766583,0.19261360284258222,0,high
3951,Regional Centres and Other Regional Areas,1069.7871519,9,1020.0,1020.0,1517.0,216.0,1565.0,37.0,819.0,133.0,28.0,17.0,533.0,0.0319,0.0452,1.0316,0.03140176313953161,0.7088236599449529,6.928537818164665,1.0316,0.7088236599449529,0.1786057109949175,2,low
3953,Regional Centres and Other Regional Areas,997.35041395,5,8194.0,8194.0,1473.0,270.0,1316.0,875.0,6335.0,1011.0,630.0,94.0,3769.0,0.0249,0.1381,0.8934,0.024595046855380207,0.6383741547126538,9.01127949117793,0.8934,0.6383741547126538,0.157797338380595,0,high
3954,Regional Centres and Other Regional Areas,1049.070869,8,366.0,366.0,1517.0,252.0,1825.0,26.0,302.0,48.0,6.0,5.0,217.0,0.023,0.0861,1.203,0.02273948696948943,0.7898200678202061,5.905361848054571,1.203,0.7898200678202061,0.15165750888103102,2,low
3956,Regional Centres and Other Regional Areas,1010.0589364,6,3037.0,3037.0,1300.0,265.0,1138.0,237.0,2211.0,394.0,167.0,51.0,1375.0,0.0371,0.1072,0.8754,0.03642835661355149,0.6288219700033877,8.018954683155718,0.8754,0.6288219700033877,0.19261360284258222,3,medium-high
3957,Regional Centres and Other Regional Areas,1039.5627384,8,310.0,310.0,1300.0,260.0,1625.0,20.0,259.0,46.0,13.0,0.0,154.0,0.0,0.0772,1.25,0.0,0.8109302162163288,5.739792912179234,1.25,0.8109302162163288,0.0,1,medium-low
3958,Regional Centres and Other Regional Areas,1078.4168177,10,284.0,284.0,1150.0,260.0,1649.0,25.0,207.0,30.0,13.0,4.0,147.0,0.0272,0.1208,1.4339,0.026836653953559674,0.8894949090869919,5.652489180268651,1.4339,0.8894949090869919,0.1649242250247064,3,medium-high
3959,Regional Centres and Other Regional Areas,1058.6473384,9,1223.0,1223.0,1408.0,250.0,1318.0,72.0,902.0,126.0,46.0,7.0,570.0,0.0123,0.0798,0.9361,0.01222496962256897,0.6606756404129825,7.1098794630722715,0.9361,0.6606756404129825,0.11090536506409417,2,low
3960,Regional Centres and Other Regional Areas,989.77606129,5,2715.0,2715.0,1348.0,236.0,1035.0,188.0,1788.0,237.0,217.0,34.0,1083.0,0.0314,0.1051,0.7678,0.030917102634721517,0.5697358356447105,7.906915488678587,0.7678,0.5697358356447105,0.1772004514666935,3,medium-high
3962,Regional Centres and Other Regional Areas,963.46416448,3,954.0,954.0,1000.0,240.0,937.0,99.0,646.0,120.0,64.0,15.0,390.0,0.0385,0.1533,0.937,0.03777736433402994,0.6611403844248589,6.86171134048073,0.937,0.6611403844248589,0.19621416870348585,0,high
3964,Regional Centres and Other Regional Areas,983.09860885,4,174.0,174.0,1083.0,200.0,1178.0,5.0,126.0,28.0,10.0,0.0,91.0,0.0,0.0397,1.0877,0.0,0.736062981536777,5.1647859739235145,1.0877,0.736062981536777,0.0,1,medium-low
3965,Regional Centres and Other Regional Areas,971.78488966,4,220.0,220.0,888.0,220.0,909.0,12.0,125.0,22.0,13.0,3.0,81.0,0.037,0.096,1.0236,0.036331929247390274,0.704878103435644,5.3981627015177525,1.0236,0.704878103435644,0.19235384061671346,3,medium-high
3966,Regional Centres and Other Regional Areas,963.00466975,3,544.0,544.0,1192.0,220.0,987.0,45.0,400.0,70.0,22.0,8.0,250.0,0.032,0.1125,0.828,0.03149866705937099,0.6032224730319582,6.300785794663244,0.828,0.6032224730319582,0.17888543819998318,3,medium-high
3967,Regional Centres and Other Regional Areas,947.16754287,3,108.0,108.0,1200.0,190.0,1274.0,14.0,84.0,8.0,13.0,3.0,51.0,0.0588,0.1667,1.0617,0.05713619137080915,0.7235308851943855,4.6913478822291435,1.0617,0.7235308851943855,0.24248711305964282,3,medium-high
3971,Regional Centres and Other Regional Areas,940.80300071,2,4195.0,4195.0,1200.0,236.0,978.0,386.0,2987.0,443.0,298.0,104.0,1727.0,0.0602,0.1292,0.815,0.05845756957156866,0.596085467716814,8.341886969516187,0.815,0.596085467716814,0.24535688292770594,0,high
3978,Regional Centres and Other Regional Areas,1046.4429558,8,43202.0,43202.0,2167.0,406.0,2158.0,3493.0,38849.0,8543.0,2969.0,1019.0,23076.0,0.0442,0.0899,0.9958,0.04325104199431494,0.6910449724680751,10.673665216265492,0.9958,0.6910449724680751,0.2102379604162864,2,low
3979,Regional Centres and Other Regional Areas,1056.8525164,8,365.0,365.0,1897.0,200.0,1731.0,16.0,292.0,46.0,11.0,8.0,192.0,0.0417,0.0548,0.9125,0.04085399400826605,0.6484112867185539,5.902633333401366,0.9125,0.6484112867185539,0.20420577856662137,2,low
3980,Regional Centres and Other Regional Areas,1022.8539895,7,3571.0,3571.0,1815.0,350.0,1847.0,313.0,2927.0,656.0,149.0,68.0,1872.0,0.0363,0.1069,1.0176,0.035656677208034684,0.7019086862285181,8.18088094199639,1.0176,0.7019086862285181,0.1905255888325765,2,low
3981,Regional Centres and Other Regional Areas,1002.8158146,6,5437.0,5437.0,1842.0,313.0,1756.0,607.0,4491.0,928.0,312.0,74.0,2813.0,0.0263,0.1352,0.9533,0.025960101669531634,0.669520249928789,8.601166625192416,0.9533,0.669520249928789,0.16217274740226856,2,low
3984,Regional Centres and Other Regional Areas,980.00992829,4,7374.0,7374.0,1555.0,300.0,1285.0,806.0,5628.0,1224.0,469.0,144.0,3394.0,0.0424,0.1432,0.8264,0.04152574682849831,0.6023468162334488,8.905851181208021,0.8264,0.6023468162334488,0.20591260281974,0,high
3987,Regional Centres and Other Regional Areas,1025.7296784,7,1644.0,1644.0,1733.0,315.0,1828.0,122.0,1338.0,287.0,34.0,23.0,834.0,0.0276,0.0912,1.0548,0.027225986253591457,0.7201785196109757,7.405495663199472,1.0548,0.7201785196109757,0.1661324772583615,2,low
3988,Regional Centres and Other Regional Areas,1040.5182202,8,1094.0,1094.0,1713.0,250.0,1618.0,56.0,901.0,148.0,35.0,25.0,578.0,0.0433,0.0622,0.9445,0.04238876649178663,0.665004874613665,6.9985096422506015,0.9445,0.665004874613665,0.2080865204668481,2,low
3990,Regional Centres and Other Regional Areas,985.81622528,4,118.0,118.0,2134.0,308.0,1562.0,7.0,102.0,16.0,3.0,3.0,71.0,0.0423,0.0686,0.732,0.04142980976313955,0.5492768101402434,4.77912349311153,0.732,0.5492768101402434,0.2056696380120313,3,medium-high
3991,Regional Centres and Other Regional Areas,947.42813345,3,405.0,405.0,1500.0,225.0,1262.0,41.0,299.0,55.0,19.0,10.0,185.0,0.0541,0.1371,0.8413,0.052687322279006465,0.6104718438910374,6.0063531596017325,0.8413,0.6104718438910374,0.23259406699226015,3,medium-high
3992,Regional Centres and Other Regional Areas,998.97747472,5,1281.0,1281.0,1517.0,280.0,1402.0,131.0,1001.0,228.0,59.0,21.0,659.0,0.0319,0.1309,0.9242,0.03140176313953161,0.6545102969450272,7.156176637480615,0.9242,0.6545102969450272,0.1786057109949175,3,medium-high
3995,Regional Centres and Other Regional Areas,955.62912985,3,11596.0,11596.0,1300.0,280.0,1034.0,1475.0,8397.0,1306.0,1131.0,222.0,4777.0,0.0465,0.1757,0.7954,0.04545126290391737,0.585227838340451,9.358501722956703,0.7954,0.585227838340451,0.21563858652847825,0,high
3996,Regional Centres and Other Regional Areas,1043.1386846,8,6649.0,6649.0,1700.0,345.0,1291.0,449.0,5000.0,672.0,483.0,73.0,2722.0,0.0268,0.0898,0.7594,0.026447170014848292,0.564972841836437,8.8023721336499,0.7594,0.564972841836437,0.163707055437449,2,low
